"","query","significant","p_value","term_size","query_size","intersection_size","precision","recall","term_id","source","term_name","effective_domain_size","source_order","parents","evidence_codes","intersection"
"1","query_1","TRUE","3.13195064866072e-23","413","86","59","0.686046511627907","0.142857142857143","GO:0022402","GO:BP","cell cycle process","7985","6830","c(""GO:0007049"", ""GO:0009987"")","IDA IMP IBA TAS IEA,IMP IGI IBA IEA,IDA IMP,IDA IBA,IBA IEA,IDA IMP ISO IBA IEA,IMP,IDA IMP IBA IEA,IPI IMP IBA IEA,IDA IMP ISS IBA IEA,IDA IMP IBA IEA,IDA IMP IBA TAS IEA,IDA IMP IBA TAS IEA,TAS,IDA IMP IBA,IDA ISS IBA IEA,NAS,IMP IBA TAS IEA,IDA IBA IEA,IBA TAS,IBA,IMP IEA,NAS IEA,IBA IEA,IDA IMP IBA NAS IEA,IBA TAS,IBA NAS IEA,IBA NAS,IEA,IMP,NAS,IMP IEA,IBA,IBA TAS IEA,IEA,ISS IEA,IBA IEA,ISS IBA IEA,IDA IMP IEA,IMP,IMP IBA,IMP IBA IEA,NAS,IMP IBA NAS IEA,IMP ISS TAS IEA,IMP TAS,IMP NAS IEA,IBA TAS,IBA,IGI,IBA NAS IEA,IMP IBA IEA,IMP IBA NAS IEA,IDA IMP,IBA TAS,IDA,IMP,IDA IEA,NAS","ENSG00000169679,ENSG00000138180,ENSG00000112984,ENSG00000148773,ENSG00000157456,ENSG00000121152,ENSG00000118193,ENSG00000154839,ENSG00000146670,ENSG00000137812,ENSG00000165480,ENSG00000117650,ENSG00000166851,ENSG00000165304,ENSG00000175063,ENSG00000122952,ENSG00000075218,ENSG00000087586,ENSG00000121621,ENSG00000093009,ENSG00000104147,ENSG00000076382,ENSG00000089685,ENSG00000171320,ENSG00000164109,ENSG00000127564,ENSG00000136492,ENSG00000102384,ENSG00000139734,ENSG00000115163,ENSG00000100162,ENSG00000013810,ENSG00000073111,ENSG00000164045,ENSG00000187741,ENSG00000132646,ENSG00000163535,ENSG00000140534,ENSG00000117632,ENSG00000143493,ENSG00000159147,ENSG00000156509,ENSG00000120334,ENSG00000174442,ENSG00000138346,ENSG00000097046,ENSG00000139618,ENSG00000006634,ENSG00000076003,ENSG00000136108,ENSG00000149636,ENSG00000040275,ENSG00000105173,ENSG00000113648,ENSG00000197275,ENSG00000188486,ENSG00000278259,ENSG00000096063,ENSG00000136518"
"2","query_1","TRUE","1.08996053525532e-21","247","76","44","0.578947368421053","0.178137651821862","GO:1903047","GO:BP","mitotic cell cycle process","7985","23301","c(""GO:0000278"", ""GO:0022402"")","IMP IBA TAS IEA,IMP IGI IBA IEA,IMP,IDA IBA,IBA IEA,IDA IMP IBA IEA,IMP,IDA,IMP IBA,IMP,IDA,IMP TAS IEA,IDA IMP IBA TAS,TAS,IDA IMP IBA,IDA IBA IEA,NAS,IBA TAS IEA,IDA IBA IEA,IBA,IMP,NAS,IDA IMP IBA NAS IEA,TAS,IBA,IMP,IMP IEA,IBA,IBA TAS,ISS IEA,ISS IBA IEA,IDA IMP IEA,IMP,IBA IEA,IMP IBA IEA,ISS IEA,IMP TAS,IMP,TAS,IBA,IGI,IBA,IMP IBA IEA,IMP IBA NAS","ENSG00000169679,ENSG00000138180,ENSG00000112984,ENSG00000148773,ENSG00000157456,ENSG00000121152,ENSG00000118193,ENSG00000154839,ENSG00000146670,ENSG00000137812,ENSG00000165480,ENSG00000117650,ENSG00000166851,ENSG00000165304,ENSG00000175063,ENSG00000122952,ENSG00000075218,ENSG00000087586,ENSG00000121621,ENSG00000093009,ENSG00000076382,ENSG00000089685,ENSG00000164109,ENSG00000127564,ENSG00000102384,ENSG00000115163,ENSG00000013810,ENSG00000073111,ENSG00000164045,ENSG00000132646,ENSG00000140534,ENSG00000117632,ENSG00000159147,ENSG00000156509,ENSG00000174442,ENSG00000138346,ENSG00000097046,ENSG00000139618,ENSG00000006634,ENSG00000076003,ENSG00000136108,ENSG00000149636,ENSG00000040275,ENSG00000105173"
"3","query_1","TRUE","2.26335667373769e-18","303","76","44","0.578947368421053","0.145214521452145","GO:0000278","GO:BP","mitotic cell cycle","7985","77","GO:0007049","IMP IBA TAS IEA,IMP IGI IBA IEA,IMP,IDA IBA,IBA IEA,IDA IMP IBA IEA,IMP,IDA IMP IBA,IDA IMP IBA IEA,IMP,IDA IMP IBA,IMP TAS IEA,IDA IMP IBA TAS,TAS,IDA IMP IBA,IDA IBA IEA,NAS,ISS IBA TAS IEA,IDA IBA IEA,IBA,IMP,NAS IEA,IDA IMP IBA NAS IEA,TAS,IBA,IMP,IMP IEA,IBA,IBA TAS,ISS IEA,ISS IBA IEA,IDA IMP IEA,IMP,IBA IEA,IMP IBA IEA,ISS IEA,IMP TAS,IMP IEA,TAS,IBA,IGI,IBA,IMP IBA IEA,IMP IBA NAS","ENSG00000169679,ENSG00000138180,ENSG00000112984,ENSG00000148773,ENSG00000157456,ENSG00000121152,ENSG00000118193,ENSG00000154839,ENSG00000146670,ENSG00000137812,ENSG00000165480,ENSG00000117650,ENSG00000166851,ENSG00000165304,ENSG00000175063,ENSG00000122952,ENSG00000075218,ENSG00000087586,ENSG00000121621,ENSG00000093009,ENSG00000076382,ENSG00000089685,ENSG00000164109,ENSG00000127564,ENSG00000102384,ENSG00000115163,ENSG00000013810,ENSG00000073111,ENSG00000164045,ENSG00000132646,ENSG00000140534,ENSG00000117632,ENSG00000159147,ENSG00000156509,ENSG00000174442,ENSG00000138346,ENSG00000097046,ENSG00000139618,ENSG00000006634,ENSG00000076003,ENSG00000136108,ENSG00000149636,ENSG00000040275,ENSG00000105173"
"4","query_1","TRUE","2.69362140626983e-17","208","86","40","0.465116279069767","0.192307692307692","GO:0051276","GO:BP","chromosome organization","7985","14061","GO:0006996","IDA IMP IBA TAS IEA,IDA IMP IBA IEA,IMP,IDA,IPI IMP IBA IEA,IMP ISS,IDA,IMP IEA,IDA IMP TAS IEA,IDA IBA,IDA ISS IBA IEA,IDA IBA IEA,IDA,IBA,IMP,NAS,IBA,IDA IMP IBA NAS IEA,IEA,IBA IEA,IDA,IMP,IDA IBA IEA,ISS IEA,IBA,IMP IBA IEA,ISS TAS IEA,IEA,IMP,ISS TAS,IDA IBA IEA,IBA,IDA NAS,IMP IBA IEA,IEA,IEA,IDA,IEA,IDA IBA TAS IEA,IMP ISO NAS IEA","ENSG00000169679,ENSG00000121152,ENSG00000118193,ENSG00000154839,ENSG00000146670,ENSG00000137812,ENSG00000165480,ENSG00000117650,ENSG00000166851,ENSG00000175063,ENSG00000122952,ENSG00000121621,ENSG00000093009,ENSG00000104147,ENSG00000076382,ENSG00000089685,ENSG00000171320,ENSG00000164109,ENSG00000136492,ENSG00000102384,ENSG00000115163,ENSG00000013810,ENSG00000073111,ENSG00000132646,ENSG00000163535,ENSG00000174442,ENSG00000138346,ENSG00000139618,ENSG00000163468,ENSG00000143799,ENSG00000076003,ENSG00000149636,ENSG00000147536,ENSG00000040275,ENSG00000105173,ENSG00000049541,ENSG00000113648,ENSG00000197275,ENSG00000140451,ENSG00000136518"
"5","query_1","TRUE","9.56564769237994e-17","593","86","61","0.709302325581395","0.102866779089376","GO:0007049","GO:BP","cell cycle","7985","2680","GO:0009987","IDA IMP IBA TAS IEA,IMP IGI IBA IEA,IDA IMP,IDA IBA IEA,IBA IEA,IDA IMP ISO IBA IEA,IMP,IDA IMP IBA IEA,IEA,IDA IPI IMP IBA IEA,IDA IMP ISS IBA IEA,IDA IMP IBA IEA,IDA IMP IBA TAS IEA,IDA IMP IBA TAS IEA,TAS IEA,IDA IMP IBA IEA,IDA ISS IBA IEA,NAS,IMP ISS IBA TAS IEA,IDA IBA IEA,IBA TAS IEA,IBA IEA,IMP IEA,NAS IEA,IBA IEA,IDA IMP IBA NAS IEA,IBA TAS IEA,IBA NAS IEA,IBA NAS,IEA,IEA,IMP IEA,NAS,IMP IEA,IBA IEA,IBA TAS IEA,IEA,ISS IEA,IBA IEA,ISS IBA IEA,IDA IMP IEA,IMP,IMP IBA,IMP IBA IEA,NAS,IMP IBA NAS IEA,IMP ISS TAS IEA,IMP TAS IEA,IMP NAS IEA,IBA TAS IEA,IBA IEA,IGI IEA,IBA NAS IEA,IMP IBA IEA,IMP IBA NAS IEA,IDA IMP,IBA TAS,IDA IEA,IMP,IDA IEA,IMP NAS","ENSG00000169679,ENSG00000138180,ENSG00000112984,ENSG00000148773,ENSG00000157456,ENSG00000121152,ENSG00000118193,ENSG00000154839,ENSG00000186871,ENSG00000146670,ENSG00000137812,ENSG00000165480,ENSG00000117650,ENSG00000166851,ENSG00000165304,ENSG00000175063,ENSG00000122952,ENSG00000075218,ENSG00000087586,ENSG00000121621,ENSG00000093009,ENSG00000104147,ENSG00000076382,ENSG00000089685,ENSG00000171320,ENSG00000164109,ENSG00000127564,ENSG00000136492,ENSG00000102384,ENSG00000007968,ENSG00000139734,ENSG00000115163,ENSG00000100162,ENSG00000013810,ENSG00000073111,ENSG00000164045,ENSG00000187741,ENSG00000132646,ENSG00000163535,ENSG00000140534,ENSG00000117632,ENSG00000143493,ENSG00000159147,ENSG00000156509,ENSG00000120334,ENSG00000174442,ENSG00000138346,ENSG00000097046,ENSG00000139618,ENSG00000006634,ENSG00000076003,ENSG00000136108,ENSG00000149636,ENSG00000040275,ENSG00000105173,ENSG00000113648,ENSG00000197275,ENSG00000188486,ENSG00000278259,ENSG00000096063,ENSG00000136518"
"6","query_1","TRUE","6.59960130890767e-16","141","86","33","0.383720930232558","0.234042553191489","GO:0007059","GO:BP","chromosome segregation","7985","2689","GO:0022402","IMP IBA TAS IEA,IDA IBA,IEA,IDA IMP ISO IBA IEA,IMP,IDA IMP IBA IEA,IMP IBA,IDA IMP ISS IBA IEA,IDA IMP IBA IEA,IDA IMP IBA TAS IEA,IDA IMP TAS IEA,IDA IBA,IDA ISS IBA IEA,IEA,IDA IBA IEA,IBA,IMP IEA,NAS IEA,IEA,IDA IMP IBA NAS IEA,IEA,IBA NAS,IEA,NAS,IMP,IEA,NAS,IMP IBA NAS IEA,IBA NAS IEA,IMP IBA IEA,IEA,IDA IEA,NAS","ENSG00000169679,ENSG00000148773,ENSG00000157456,ENSG00000121152,ENSG00000118193,ENSG00000154839,ENSG00000146670,ENSG00000137812,ENSG00000165480,ENSG00000117650,ENSG00000166851,ENSG00000175063,ENSG00000122952,ENSG00000087586,ENSG00000121621,ENSG00000104147,ENSG00000076382,ENSG00000089685,ENSG00000171320,ENSG00000164109,ENSG00000136492,ENSG00000102384,ENSG00000139734,ENSG00000100162,ENSG00000013810,ENSG00000163535,ENSG00000120334,ENSG00000174442,ENSG00000149636,ENSG00000040275,ENSG00000105173,ENSG00000096063,ENSG00000136518"
"7","query_1","TRUE","2.10837771502609e-13","89","39","19","0.487179487179487","0.213483146067416","GO:0140014","GO:BP","mitotic nuclear division","7985","20198","c(""GO:0000280"", ""GO:1903047"")","IMP IBA TAS IEA,IDA IBA,IDA IMP IBA IEA,IMP,IDA,IMP IBA,IMP,IDA,IMP TAS IEA,IDA IMP TAS,IDA IMP,IDA IBA,TAS IEA,IDA IBA IEA,IMP,NAS,IDA IMP IBA NAS IEA,TAS,IBA","ENSG00000169679,ENSG00000148773,ENSG00000121152,ENSG00000118193,ENSG00000154839,ENSG00000146670,ENSG00000137812,ENSG00000165480,ENSG00000117650,ENSG00000166851,ENSG00000175063,ENSG00000122952,ENSG00000087586,ENSG00000121621,ENSG00000076382,ENSG00000089685,ENSG00000164109,ENSG00000127564,ENSG00000102384"
"8","query_1","TRUE","1.63309152312682e-12","163","39","22","0.564102564102564","0.134969325153374","GO:0048285","GO:BP","organelle fission","7985","13052","GO:0006996","IMP IBA TAS IEA,IDA IBA,IEA,IDA IMP IBA IEA,IMP,IDA,IMP IBA,IMP ISS,IDA,IMP TAS IEA,IDA IMP TAS IEA,IDA IMP,IDA ISS IBA IEA,IMP TAS IEA,IDA IBA IEA,IMP,NAS IEA,IDA IMP IBA NAS IEA,TAS,ISS IBA IEA,IBA IEA,IBA","ENSG00000169679,ENSG00000148773,ENSG00000157456,ENSG00000121152,ENSG00000118193,ENSG00000154839,ENSG00000146670,ENSG00000137812,ENSG00000165480,ENSG00000117650,ENSG00000166851,ENSG00000175063,ENSG00000122952,ENSG00000087586,ENSG00000121621,ENSG00000076382,ENSG00000089685,ENSG00000164109,ENSG00000127564,ENSG00000146410,ENSG00000136492,ENSG00000102384"
"9","query_1","TRUE","2.4881855539084e-12","106","39","19","0.487179487179487","0.179245283018868","GO:0098813","GO:BP","nuclear chromosome segregation","7985","19446","GO:0007059","IMP IBA TAS IEA,IEA,IDA IMP IBA IEA,IMP,IDA,IMP IBA,IDA IMP ISS IBA IEA,IDA,IMP IEA,IDA IMP TAS IEA,IDA IBA,IDA ISS IBA IEA,IEA,IDA IBA IEA,IMP IEA,NAS,IDA IMP IBA NAS IEA,IEA,IBA","ENSG00000169679,ENSG00000157456,ENSG00000121152,ENSG00000118193,ENSG00000154839,ENSG00000146670,ENSG00000137812,ENSG00000165480,ENSG00000117650,ENSG00000166851,ENSG00000175063,ENSG00000122952,ENSG00000087586,ENSG00000121621,ENSG00000076382,ENSG00000089685,ENSG00000164109,ENSG00000136492,ENSG00000102384"
"10","query_1","TRUE","2.50861011937329e-12","146","79","29","0.367088607594937","0.198630136986301","GO:0000280","GO:BP","nuclear division","7985","79","GO:0048285","IMP IBA TAS IEA,IDA IBA,IEA,IDA IMP IBA IEA,IMP,IDA,IMP IBA,IMP ISS,IDA,IMP TAS IEA,IDA IMP TAS IEA,IDA IMP,IDA ISS IBA IEA,TAS IEA,IDA IBA IEA,IMP,NAS IEA,IDA IMP IBA NAS IEA,TAS,IBA IEA,IBA,IEA,IBA IEA,IMP IBA IEA,IEA,IBA,IMP IBA IEA,IEA,IBA TAS","ENSG00000169679,ENSG00000148773,ENSG00000157456,ENSG00000121152,ENSG00000118193,ENSG00000154839,ENSG00000146670,ENSG00000137812,ENSG00000165480,ENSG00000117650,ENSG00000166851,ENSG00000175063,ENSG00000122952,ENSG00000087586,ENSG00000121621,ENSG00000076382,ENSG00000089685,ENSG00000164109,ENSG00000127564,ENSG00000136492,ENSG00000102384,ENSG00000187741,ENSG00000156509,ENSG00000174442,ENSG00000139618,ENSG00000149636,ENSG00000040275,ENSG00000105173,ENSG00000197275"
"11","query_1","TRUE","2.53490504195855e-12","57","31","15","0.483870967741935","0.263157894736842","GO:0000070","GO:BP","mitotic sister chromatid segregation","7985","25","c(""GO:0000819"", ""GO:0140014"", ""GO:1903047"")","IMP IBA TAS IEA,IDA IMP IBA IEA,IMP,IDA,IMP IBA,IMP,IDA,IEA,IDA IMP TAS,IDA,IDA IBA,IDA IBA IEA,IMP,NAS,IDA IMP IBA NAS IEA","ENSG00000169679,ENSG00000121152,ENSG00000118193,ENSG00000154839,ENSG00000146670,ENSG00000137812,ENSG00000165480,ENSG00000117650,ENSG00000166851,ENSG00000175063,ENSG00000122952,ENSG00000121621,ENSG00000076382,ENSG00000089685,ENSG00000164109"
"12","query_1","TRUE","4.28742878556588e-12","219","76","33","0.434210526315789","0.150684931506849","GO:0051301","GO:BP","cell division","7985","14080","GO:0009987","IEA,IMP IGI IBA IEA,IDA IMP,IEA,IEA,IMP IEA,IMP IBA IEA,IEA,IEA,IEA,IEA,IEA,IDA IMP IEA,IEA,IEA,IBA IEA,IEA,IEA,NAS IEA,IEA,IEA,IMP IEA,IEA,IEA,IEA,IMP IEA,IEA,IEA,IEA,IGI,IEA,IEA,IEA","ENSG00000169679,ENSG00000138180,ENSG00000112984,ENSG00000157456,ENSG00000121152,ENSG00000118193,ENSG00000154839,ENSG00000186871,ENSG00000146670,ENSG00000137812,ENSG00000165480,ENSG00000117650,ENSG00000166851,ENSG00000175063,ENSG00000122952,ENSG00000087586,ENSG00000104147,ENSG00000076382,ENSG00000089685,ENSG00000164109,ENSG00000136492,ENSG00000115163,ENSG00000013810,ENSG00000164045,ENSG00000163535,ENSG00000117632,ENSG00000174442,ENSG00000097046,ENSG00000139618,ENSG00000136108,ENSG00000149636,ENSG00000040275,ENSG00000105173"
"13","query_1","TRUE","4.94081708993293e-11","74","31","15","0.483870967741935","0.202702702702703","GO:0000819","GO:BP","sister chromatid segregation","7985","239","c(""GO:0051276"", ""GO:0098813"")","IMP IBA TAS IEA,IDA IMP IBA IEA,IMP,IDA,IMP IBA,IMP ISS,IDA,IEA,IDA IMP TAS,IDA IBA,IDA ISS IBA IEA,IDA IBA IEA,IMP,NAS,IDA IMP IBA NAS IEA","ENSG00000169679,ENSG00000121152,ENSG00000118193,ENSG00000154839,ENSG00000146670,ENSG00000137812,ENSG00000165480,ENSG00000117650,ENSG00000166851,ENSG00000175063,ENSG00000122952,ENSG00000121621,ENSG00000076382,ENSG00000089685,ENSG00000164109"
"14","query_1","TRUE","5.74281978220029e-11","174","80","30","0.375","0.172413793103448","GO:0044770","GO:BP","cell cycle phase transition","7985","11534","GO:0022402","IMP IBA TAS IEA,IBA IEA,IMP,IMP IBA,IMP ISS,IDA IMP TAS,TAS,IDA IMP IBA,IDA ISS IBA IEA,NAS,TAS,TAS,NAS,IDA IMP IBA NAS IEA,IBA TAS,NAS,IMP,IBA TAS IEA,ISS IBA IEA,IMP,IMP,IMP IBA IEA,IMP,IMP TAS,NAS,IBA TAS,IEA,IMP IBA NAS,IMP,IDA","ENSG00000169679,ENSG00000157456,ENSG00000118193,ENSG00000146670,ENSG00000137812,ENSG00000166851,ENSG00000165304,ENSG00000175063,ENSG00000122952,ENSG00000075218,ENSG00000087586,ENSG00000093009,ENSG00000089685,ENSG00000164109,ENSG00000127564,ENSG00000136492,ENSG00000013810,ENSG00000164045,ENSG00000140534,ENSG00000143493,ENSG00000159147,ENSG00000174442,ENSG00000138346,ENSG00000097046,ENSG00000139618,ENSG00000006634,ENSG00000040275,ENSG00000105173,ENSG00000113648,ENSG00000188486"
"15","query_1","TRUE","1.2806613686741e-10","226","86","35","0.406976744186047","0.154867256637168","GO:0010564","GO:BP","regulation of cell cycle process","7985","4266","c(""GO:0022402"", ""GO:0051726"")","IDA IMP IBA TAS IEA,IDA,IDA IBA,ISO IEA,IMP,IMP IBA,IMP ISS,IMP TAS,IDA IMP TAS,IDA IMP IBA,IDA ISS IBA IEA,NAS,IBA TAS,TAS,IMP IEA,NAS,IDA IMP IBA NAS IEA,IBA TAS,NAS,IMP,IBA IEA,ISS IBA IEA,IMP,IMP,IMP IBA IEA,IMP IBA NAS IEA,IMP,IMP,NAS IEA,IBA,IEA,IDA IMP,IDA,IMP,NAS","ENSG00000169679,ENSG00000112984,ENSG00000148773,ENSG00000121152,ENSG00000118193,ENSG00000146670,ENSG00000137812,ENSG00000117650,ENSG00000166851,ENSG00000175063,ENSG00000122952,ENSG00000075218,ENSG00000087586,ENSG00000093009,ENSG00000076382,ENSG00000089685,ENSG00000164109,ENSG00000127564,ENSG00000136492,ENSG00000013810,ENSG00000164045,ENSG00000140534,ENSG00000143493,ENSG00000159147,ENSG00000156509,ENSG00000174442,ENSG00000138346,ENSG00000097046,ENSG00000139618,ENSG00000006634,ENSG00000040275,ENSG00000113648,ENSG00000188486,ENSG00000278259,ENSG00000136518"
"16","query_1","TRUE","1.23912520971594e-09","141","86","27","0.313953488372093","0.191489361702128","GO:1901987","GO:BP","regulation of cell cycle phase transition","7985","22456","c(""GO:0010564"", ""GO:0044770"")","IMP IBA TAS IEA,IMP,IMP IBA,IMP ISS,IDA IMP TAS,IDA IMP IBA,IDA ISS IBA IEA,NAS,TAS,TAS,NAS,IDA IMP IBA NAS IEA,IBA,NAS,IBA IEA,ISS IBA IEA,IMP,IMP,IMP IBA IEA,IMP,IMP,NAS,IBA,IEA,IMP,IDA,NAS","ENSG00000169679,ENSG00000118193,ENSG00000146670,ENSG00000137812,ENSG00000166851,ENSG00000175063,ENSG00000122952,ENSG00000075218,ENSG00000087586,ENSG00000093009,ENSG00000089685,ENSG00000164109,ENSG00000127564,ENSG00000136492,ENSG00000164045,ENSG00000140534,ENSG00000143493,ENSG00000159147,ENSG00000174442,ENSG00000138346,ENSG00000097046,ENSG00000139618,ENSG00000006634,ENSG00000040275,ENSG00000113648,ENSG00000188486,ENSG00000136518"
"17","query_1","TRUE","5.20747539583658e-09","85","86","22","0.255813953488372","0.258823529411765","GO:0006260","GO:BP","DNA replication","7985","2098","GO:0006259","IDA IBA TAS IEA,IMP,IMP IBA IEA,IBA,IDA IBA IEA,IDA IMP IBA TAS NAS IEA,IMP ISS IBA IEA,IMP ISS IBA IEA,IBA TAS,IMP IBA,IDA IMP ISS IBA TAS IEA,IMP,IDA IBA TAS IEA,IMP IEA,IBA TAS IEA,IDA,IDA IBA NAS IEA,IDA NAS IEA,IEA,IDA IBA IEA,IBA,IMP","ENSG00000093009,ENSG00000171320,ENSG00000065328,ENSG00000189057,ENSG00000091651,ENSG00000073111,ENSG00000132646,ENSG00000140534,ENSG00000104889,ENSG00000159147,ENSG00000138346,ENSG00000097046,ENSG00000100479,ENSG00000139618,ENSG00000006634,ENSG00000143799,ENSG00000076003,ENSG00000147536,ENSG00000105173,ENSG00000049541,ENSG00000140451,ENSG00000136518"
"18","query_1","TRUE","6.16453822480927e-09","52","77","17","0.220779220779221","0.326923076923077","GO:0006261","GO:BP","DNA-templated DNA replication","7985","2099","GO:0006260","IDA IBA TAS IEA,IMP IBA IEA,IDA IBA,IDA IMP IBA NAS IEA,IMP ISS IBA IEA,IMP IBA,IMP IBA,IDA ISS IBA TAS IEA,IMP,IDA IBA IEA,IMP IEA,IBA,IDA,IDA IBA NAS IEA,IDA NAS IEA,IEA,IDA IBA","ENSG00000093009,ENSG00000065328,ENSG00000091651,ENSG00000073111,ENSG00000132646,ENSG00000140534,ENSG00000159147,ENSG00000138346,ENSG00000097046,ENSG00000100479,ENSG00000139618,ENSG00000006634,ENSG00000143799,ENSG00000076003,ENSG00000147536,ENSG00000105173,ENSG00000049541"
"19","query_1","TRUE","4.56125106650205e-08","87","80","21","0.2625","0.241379310344828","GO:0010948","GO:BP","negative regulation of cell cycle process","7985","4584","c(""GO:0010564"", ""GO:0022402"", ""GO:0045786"")","IMP IBA TAS IEA,IMP ISS,IMP,IDA IMP,IDA ISS IBA IEA,NAS,TAS,NAS,IDA IMP IBA NAS IEA,IBA,NAS,ISS IBA IEA,IMP,IMP,IMP IBA IEA,IMP IBA IEA,IMP,NAS,IEA,IMP,IDA","ENSG00000169679,ENSG00000137812,ENSG00000117650,ENSG00000166851,ENSG00000122952,ENSG00000075218,ENSG00000093009,ENSG00000089685,ENSG00000164109,ENSG00000127564,ENSG00000136492,ENSG00000140534,ENSG00000143493,ENSG00000159147,ENSG00000156509,ENSG00000174442,ENSG00000138346,ENSG00000139618,ENSG00000040275,ENSG00000113648,ENSG00000188486"
"20","query_1","TRUE","4.91788997471215e-08","39","34","11","0.323529411764706","0.282051282051282","GO:0007088","GO:BP","regulation of mitotic nuclear division","7985","2704","c(""GO:0007346"", ""GO:0010564"", ""GO:0051783"", ""GO:0140014"")","IMP IBA TAS IEA,IDA IBA,IMP,TAS,IMP,IDA,IDA IBA,TAS,NAS,IDA IMP IBA NAS IEA,TAS","ENSG00000169679,ENSG00000148773,ENSG00000137812,ENSG00000117650,ENSG00000166851,ENSG00000175063,ENSG00000122952,ENSG00000087586,ENSG00000089685,ENSG00000164109,ENSG00000127564"
"21","query_1","TRUE","6.04639337311492e-08","35","29","10","0.344827586206897","0.285714285714286","GO:0051310","GO:BP","metaphase chromosome alignment","7985","14089","c(""GO:0051303"", ""GO:0098813"")","IMP,IDA,IMP IBA,IDA ISS IBA IEA,IDA,IMP,ISS IEA,IDA IEA,IMP IEA,NAS","ENSG00000118193,ENSG00000154839,ENSG00000146670,ENSG00000137812,ENSG00000165480,ENSG00000117650,ENSG00000122952,ENSG00000121621,ENSG00000076382,ENSG00000089685"
"22","query_1","TRUE","2.24560615137803e-07","36","29","10","0.344827586206897","0.277777777777778","GO:0051303","GO:BP","establishment of chromosome localization","7985","14082","c(""GO:0050000"", ""GO:0051649"", ""GO:0051656"")","IMP,IDA,IMP IBA,IDA ISS IBA IEA,IDA,IMP,ISS IEA,IDA IEA,IMP IEA,NAS","ENSG00000118193,ENSG00000154839,ENSG00000146670,ENSG00000137812,ENSG00000165480,ENSG00000117650,ENSG00000122952,ENSG00000121621,ENSG00000076382,ENSG00000089685"
"23","query_1","TRUE","2.43772845887583e-07","145","76","23","0.302631578947368","0.158620689655172","GO:0044772","GO:BP","mitotic cell cycle phase transition","7985","11536","c(""GO:0044770"", ""GO:1903047"")","IMP IBA TAS IEA,IBA IEA,IMP,IMP IBA,IMP,IDA IMP TAS,TAS,IDA IMP IBA,IDA IBA,NAS,TAS,NAS,IDA IMP IBA NAS IEA,TAS,IMP,IBA TAS,ISS IBA IEA,IMP,IMP IBA IEA,IMP TAS,TAS,IEA,IMP IBA NAS","ENSG00000169679,ENSG00000157456,ENSG00000118193,ENSG00000146670,ENSG00000137812,ENSG00000166851,ENSG00000165304,ENSG00000175063,ENSG00000122952,ENSG00000075218,ENSG00000087586,ENSG00000089685,ENSG00000164109,ENSG00000127564,ENSG00000013810,ENSG00000164045,ENSG00000140534,ENSG00000159147,ENSG00000174442,ENSG00000097046,ENSG00000006634,ENSG00000040275,ENSG00000105173"
"24","query_1","TRUE","2.80220591164143e-07","74","80","19","0.2375","0.256756756756757","GO:1901988","GO:BP","negative regulation of cell cycle phase transition","7985","22457","c(""GO:0010948"", ""GO:0044770"", ""GO:1901987"")","IMP IBA TAS IEA,IMP ISS,IDA IMP,IDA ISS IBA IEA,NAS,TAS,NAS,IDA IMP IBA NAS IEA,IBA,NAS,ISS IBA IEA,IMP,IMP,IMP IBA IEA,IMP,NAS,IEA,IMP,IDA","ENSG00000169679,ENSG00000137812,ENSG00000166851,ENSG00000122952,ENSG00000075218,ENSG00000093009,ENSG00000089685,ENSG00000164109,ENSG00000127564,ENSG00000136492,ENSG00000140534,ENSG00000143493,ENSG00000159147,ENSG00000174442,ENSG00000138346,ENSG00000139618,ENSG00000040275,ENSG00000113648,ENSG00000188486"
"25","query_1","TRUE","3.02370824024351e-07","52","80","17","0.2125","0.326923076923077","GO:0000075","GO:BP","cell cycle checkpoint signaling","7985","27","c(""GO:0035556"", ""GO:1901988"")","IMP IBA TAS IEA,IMP ISS,IDA IMP,IDA ISS IBA IEA,NAS,TAS,NAS,IDA IMP IBA NAS IEA,NAS,ISS IBA IEA,IMP,IMP,IMP IBA IEA,IMP,NAS,IEA,IDA","ENSG00000169679,ENSG00000137812,ENSG00000166851,ENSG00000122952,ENSG00000075218,ENSG00000093009,ENSG00000089685,ENSG00000164109,ENSG00000136492,ENSG00000140534,ENSG00000143493,ENSG00000159147,ENSG00000174442,ENSG00000138346,ENSG00000139618,ENSG00000040275,ENSG00000188486"
"26","query_1","TRUE","4.41404881300189e-07","39","29","10","0.344827586206897","0.256410256410256","GO:0050000","GO:BP","chromosome localization","7985","13608","GO:0051640","IMP,IDA,IMP IBA,IDA ISS IBA IEA,IDA,IMP,ISS IEA,IDA IEA,IMP IEA,NAS","ENSG00000118193,ENSG00000154839,ENSG00000146670,ENSG00000137812,ENSG00000165480,ENSG00000117650,ENSG00000122952,ENSG00000121621,ENSG00000076382,ENSG00000089685"
"27","query_1","TRUE","5.62387455071881e-07","48","34","11","0.323529411764706","0.229166666666667","GO:0051783","GO:BP","regulation of nuclear division","7985","14388","c(""GO:0000280"", ""GO:0033043"")","IMP IBA TAS IEA,IDA IBA,IMP ISS,TAS,IMP,IDA,IDA ISS IBA IEA,TAS,NAS,IDA IMP IBA NAS IEA,TAS","ENSG00000169679,ENSG00000148773,ENSG00000137812,ENSG00000117650,ENSG00000166851,ENSG00000175063,ENSG00000122952,ENSG00000087586,ENSG00000089685,ENSG00000164109,ENSG00000127564"
"28","query_1","TRUE","1.47218253565264e-06","346","86","37","0.430232558139535","0.106936416184971","GO:0051726","GO:BP","regulation of cell cycle","7985","14366","c(""GO:0007049"", ""GO:0050794"")","IDA IMP IBA TAS IEA,IDA,IDA IBA,ISO IEA,IMP,IMP IBA,IMP ISS,IMP TAS,IDA IMP TAS,IDA IMP IBA,IDA ISS IBA IEA,NAS,ISS IBA TAS,TAS,IMP IEA,NAS IEA,IDA IMP IBA NAS IEA,IBA TAS,NAS,IEA,IMP,IBA TAS IEA,ISS IBA IEA,IMP,IMP,IMP IBA IEA,IMP IBA NAS IEA,IMP,IMP,NAS IEA,IBA,IEA,IEA,IDA IMP,IDA,IMP,IMP NAS","ENSG00000169679,ENSG00000112984,ENSG00000148773,ENSG00000121152,ENSG00000118193,ENSG00000146670,ENSG00000137812,ENSG00000117650,ENSG00000166851,ENSG00000175063,ENSG00000122952,ENSG00000075218,ENSG00000087586,ENSG00000093009,ENSG00000076382,ENSG00000089685,ENSG00000164109,ENSG00000127564,ENSG00000136492,ENSG00000007968,ENSG00000013810,ENSG00000164045,ENSG00000140534,ENSG00000143493,ENSG00000159147,ENSG00000156509,ENSG00000174442,ENSG00000138346,ENSG00000097046,ENSG00000139618,ENSG00000006634,ENSG00000040275,ENSG00000105173,ENSG00000113648,ENSG00000188486,ENSG00000278259,ENSG00000136518"
"29","query_1","TRUE","1.91388329017601e-06","102","80","19","0.2375","0.186274509803922","GO:0051321","GO:BP","meiotic cell cycle","7985","14096","c(""GO:0007049"", ""GO:0019953"", ""GO:0022414"")","IEA,IEA,ISS,IEA,IEA,ISS IEA,IEA,IEA,IEA,IBA,IBA IEA,IBA,IEA,IEA,IBA IEA,IEA,IEA,IBA TAS,IEA","ENSG00000157456,ENSG00000121152,ENSG00000137812,ENSG00000117650,ENSG00000166851,ENSG00000122952,ENSG00000087586,ENSG00000121621,ENSG00000089685,ENSG00000127564,ENSG00000136492,ENSG00000164045,ENSG00000187741,ENSG00000163535,ENSG00000156509,ENSG00000139618,ENSG00000105173,ENSG00000197275,ENSG00000188486"
"30","query_1","TRUE","1.92524634515108e-06","17","68","9","0.132352941176471","0.529411764705882","GO:0033260","GO:BP","nuclear DNA replication","7985","8384","GO:0044786","IBA,IBA,ISS IEA,IBA,ISS TAS IEA,IMP,IMP,IBA,IBA","ENSG00000093009,ENSG00000073111,ENSG00000132646,ENSG00000159147,ENSG00000138346,ENSG00000097046,ENSG00000139618,ENSG00000006634,ENSG00000076003"
"31","query_1","TRUE","4.5246120121373e-06","85","86","18","0.209302325581395","0.211764705882353","GO:0033044","GO:BP","regulation of chromosome organization","7985","8279","c(""GO:0033043"", ""GO:0051276"")","IDA IMP IBA TAS IEA,IDA,IMP ISS,IMP,IDA IMP TAS,IDA IBA,IDA ISS IBA IEA,NAS,IDA IMP IBA NAS IEA,IMP,IEA,IMP IBA IEA,IMP,ISS,IEA,IDA,IDA IEA,IMP ISO NAS IEA","ENSG00000169679,ENSG00000121152,ENSG00000137812,ENSG00000117650,ENSG00000166851,ENSG00000175063,ENSG00000122952,ENSG00000089685,ENSG00000164109,ENSG00000013810,ENSG00000073111,ENSG00000174442,ENSG00000163468,ENSG00000143799,ENSG00000040275,ENSG00000113648,ENSG00000140451,ENSG00000136518"
"32","query_1","TRUE","4.74115853378244e-06","17","68","9","0.132352941176471","0.529411764705882","GO:0044786","GO:BP","cell cycle DNA replication","7985","11546","c(""GO:0006261"", ""GO:0022402"")","IBA,IBA,ISS IEA,IBA,ISS TAS IEA,IMP,IMP,IBA,IBA","ENSG00000093009,ENSG00000073111,ENSG00000132646,ENSG00000159147,ENSG00000138346,ENSG00000097046,ENSG00000139618,ENSG00000006634,ENSG00000076003"
"33","query_1","TRUE","5.02231065867889e-06","174","64","21","0.328125","0.120689655172414","GO:0007346","GO:BP","regulation of mitotic cell cycle","7985","2889","c(""GO:0000278"", ""GO:0051726"")","IMP IBA TAS IEA,IDA IBA,IMP,IMP IBA,IMP,TAS,IDA IMP TAS,IDA IMP IBA,IDA IBA IEA,NAS,ISS TAS,NAS IEA,IDA IMP IBA NAS IEA,TAS,IBA,ISS IBA IEA,IMP,IBA IEA,IMP IBA IEA,IMP,IEA","ENSG00000169679,ENSG00000148773,ENSG00000118193,ENSG00000146670,ENSG00000137812,ENSG00000117650,ENSG00000166851,ENSG00000175063,ENSG00000122952,ENSG00000075218,ENSG00000087586,ENSG00000089685,ENSG00000164109,ENSG00000127564,ENSG00000164045,ENSG00000140534,ENSG00000159147,ENSG00000156509,ENSG00000174442,ENSG00000097046,ENSG00000139618"
"34","query_1","TRUE","5.49442369995481e-06","118","80","21","0.2625","0.177966101694915","GO:0045786","GO:BP","negative regulation of cell cycle","7985","12014","c(""GO:0007049"", ""GO:0048523"", ""GO:0051726"")","IMP IBA TAS IEA,IMP ISS,IMP,IDA IMP,IDA ISS IBA IEA,NAS,TAS,NAS,IDA IMP IBA NAS IEA,IBA,NAS,ISS IBA IEA,IMP,IMP,IMP IBA IEA,IMP IBA IEA,IMP,NAS,IEA,IMP,IDA","ENSG00000169679,ENSG00000137812,ENSG00000117650,ENSG00000166851,ENSG00000122952,ENSG00000075218,ENSG00000093009,ENSG00000089685,ENSG00000164109,ENSG00000127564,ENSG00000136492,ENSG00000140534,ENSG00000143493,ENSG00000159147,ENSG00000156509,ENSG00000174442,ENSG00000138346,ENSG00000139618,ENSG00000040275,ENSG00000113648,ENSG00000188486"
"35","query_1","TRUE","1.22808335314624e-05","19","31","8","0.258064516129032","0.421052631578947","GO:1905818","GO:BP","regulation of chromosome separation","7985","25589","c(""GO:0051304"", ""GO:0051983"")","IMP IBA TAS IEA,ISO IEA,IMP ISS,IMP,IDA,IDA ISS IBA IEA,NAS,IDA IMP IBA NAS IEA","ENSG00000169679,ENSG00000121152,ENSG00000137812,ENSG00000166851,ENSG00000175063,ENSG00000122952,ENSG00000089685,ENSG00000164109"
"36","query_1","TRUE","1.38563299465136e-05","72","79","16","0.20253164556962","0.222222222222222","GO:1903046","GO:BP","meiotic cell cycle process","7985","23300","c(""GO:0022402"", ""GO:0022414"", ""GO:0051321"")","IEA,IEA,ISS,IEA,ISS IEA,IEA,IEA,IEA,IBA,IBA IEA,IBA,IEA,IBA IEA,IEA,IEA,IBA TAS","ENSG00000157456,ENSG00000121152,ENSG00000137812,ENSG00000166851,ENSG00000122952,ENSG00000087586,ENSG00000121621,ENSG00000089685,ENSG00000127564,ENSG00000136492,ENSG00000164045,ENSG00000187741,ENSG00000156509,ENSG00000139618,ENSG00000105173,ENSG00000197275"
"37","query_1","TRUE","1.97923642697878e-05","204","86","26","0.302325581395349","0.127450980392157","GO:0006281","GO:BP","DNA repair","7985","2116","c(""GO:0006259"", ""GO:0006974"")","IMP IBA,IMP IEA,IDA,IDA ISS IBA TAS IEA,IBA,IEA,IMP IBA IEA,IBA NAS IEA,IBA,TAS NAS IEA,IDA IMP IBA IEA,ISS IEA,IDA IBA NAS IEA,IDA IEA,IBA,IBA TAS,IDA IMP IBA IEA,IDA IMP IGI IBA TAS IEA,IBA,IBA,IBA,IDA,IDA IBA IEA,NAS IEA,IEA,IDA ISO NAS IEA","ENSG00000146670,ENSG00000077152,ENSG00000166851,ENSG00000109674,ENSG00000093009,ENSG00000171320,ENSG00000185480,ENSG00000136492,ENSG00000073111,ENSG00000187741,ENSG00000132646,ENSG00000140534,ENSG00000104889,ENSG00000138346,ENSG00000097046,ENSG00000100479,ENSG00000139618,ENSG00000143799,ENSG00000076003,ENSG00000147536,ENSG00000049541,ENSG00000113648,ENSG00000197275,ENSG00000188486,ENSG00000140451,ENSG00000136518"
"38","query_1","TRUE","2.57395399726867e-05","23","31","8","0.258064516129032","0.347826086956522","GO:0051304","GO:BP","chromosome separation","7985","14083","c(""GO:0007059"", ""GO:0022402"")","IMP IBA TAS IEA,ISO IEA,IMP ISS,IMP,IDA,IDA ISS IBA IEA,NAS,IDA IMP IBA NAS IEA","ENSG00000169679,ENSG00000121152,ENSG00000137812,ENSG00000166851,ENSG00000175063,ENSG00000122952,ENSG00000089685,ENSG00000164109"
"39","query_1","TRUE","2.76107339776336e-05","345","86","34","0.395348837209302","0.0985507246376812","GO:0006259","GO:BP","DNA metabolic process","7985","2097","GO:0090304","IMP IBA,IMP,IMP IEA,IDA,IDA ISS IBA TAS IEA,IDA IBA TAS IEA,IMP IEA,IMP IBA IEA,IBA,IMP IBA IEA,IBA NAS IEA,IDA IBA IEA,IDA IMP IBA TAS NAS IEA,TAS NAS IEA,IDA IMP ISS IBA IEA,IMP ISS IBA IEA,IDA IBA TAS NAS IEA,IMP IBA,IDA IMP ISS IBA TAS IEA,IMP IBA,IDA IBA TAS IEA,IDA IMP IBA IEA,IBA TAS IEA,IMP,IDA IMP IGI ISS IBA TAS IEA,IDA IBA NAS IEA,IDA IBA NAS IEA,IEA,IDA IBA IEA,IDA,IDA IBA TAS IEA,NAS IEA,IDA IBA TAS IEA,IDA IMP ISO NAS IEA","ENSG00000146670,ENSG00000117650,ENSG00000077152,ENSG00000166851,ENSG00000109674,ENSG00000093009,ENSG00000171320,ENSG00000065328,ENSG00000189057,ENSG00000185480,ENSG00000136492,ENSG00000091651,ENSG00000073111,ENSG00000187741,ENSG00000132646,ENSG00000140534,ENSG00000104889,ENSG00000159147,ENSG00000138346,ENSG00000097046,ENSG00000100479,ENSG00000139618,ENSG00000006634,ENSG00000163468,ENSG00000143799,ENSG00000076003,ENSG00000147536,ENSG00000105173,ENSG00000049541,ENSG00000113648,ENSG00000197275,ENSG00000188486,ENSG00000140451,ENSG00000136518"
"40","query_1","TRUE","4.22748848489201e-05","39","31","9","0.290322580645161","0.230769230769231","GO:0051983","GO:BP","regulation of chromosome segregation","7985","14503","c(""GO:0007059"", ""GO:0010564"")","IMP IBA TAS IEA,IDA IBA,ISO IEA,IMP ISS,IDA IMP TAS,IDA IBA,IDA ISS IBA IEA,NAS,IDA IMP IBA NAS IEA","ENSG00000169679,ENSG00000148773,ENSG00000121152,ENSG00000137812,ENSG00000166851,ENSG00000175063,ENSG00000122952,ENSG00000089685,ENSG00000164109"
"41","query_1","TRUE","9.54598241727521e-05","16","31","7","0.225806451612903","0.4375","GO:0010965","GO:BP","regulation of mitotic sister chromatid separation","7985","4599","c(""GO:0051306"", ""GO:1905818"")","IMP IBA TAS IEA,IMP,IMP,IDA,IDA IBA,NAS,IDA IMP IBA NAS IEA","ENSG00000169679,ENSG00000137812,ENSG00000166851,ENSG00000175063,ENSG00000122952,ENSG00000089685,ENSG00000164109"
"42","query_1","TRUE","0.000130974678850355","29","82","11","0.134146341463415","0.379310344827586","GO:2001251","GO:BP","negative regulation of chromosome organization","7985","27126","c(""GO:0010639"", ""GO:0033044"", ""GO:0051276"")","IMP IBA TAS IEA,IMP,IMP,IDA IBA,NAS,IDA IMP IBA NAS IEA,IEA,IMP IBA IEA,ISS,IEA,IDA IEA","ENSG00000169679,ENSG00000137812,ENSG00000166851,ENSG00000122952,ENSG00000089685,ENSG00000164109,ENSG00000073111,ENSG00000174442,ENSG00000143799,ENSG00000040275,ENSG00000140451"
"43","query_1","TRUE","0.000133392959701609","111","62","16","0.258064516129032","0.144144144144144","GO:1901990","GO:BP","regulation of mitotic cell cycle phase transition","7985","22459","c(""GO:0007346"", ""GO:0044772"", ""GO:1901987"")","IMP IBA TAS IEA,IMP,IMP IBA,IMP,IDA IMP TAS,IDA IMP IBA,IDA IBA,NAS,TAS,NAS,IDA IMP IBA NAS IEA,IBA,ISS IBA IEA,IMP,IMP IBA IEA,IMP","ENSG00000169679,ENSG00000118193,ENSG00000146670,ENSG00000137812,ENSG00000166851,ENSG00000175063,ENSG00000122952,ENSG00000075218,ENSG00000087586,ENSG00000089685,ENSG00000164109,ENSG00000164045,ENSG00000140534,ENSG00000159147,ENSG00000174442,ENSG00000097046"
"44","query_1","TRUE","0.000136525725224369","17","31","7","0.225806451612903","0.411764705882353","GO:0051306","GO:BP","mitotic sister chromatid separation","7985","14085","c(""GO:0000070"", ""GO:0051304"", ""GO:1903047"")","IMP IBA TAS IEA,IMP,IMP,IDA,IDA IBA,NAS,IDA IMP IBA NAS IEA","ENSG00000169679,ENSG00000137812,ENSG00000166851,ENSG00000175063,ENSG00000122952,ENSG00000089685,ENSG00000164109"
"45","query_1","TRUE","0.000149843400956336","303","89","31","0.348314606741573","0.102310231023102","GO:0006974","GO:BP","DNA damage response","7985","2632","GO:0033554","IMP IBA,IMP IBA IEA,IDA,IDA ISS IBA TAS IEA,NAS,IBA,IEA,IMP IEA,IMP IBA IEA,IBA NAS IEA,IBA,TAS NAS IEA,IDA IMP IBA IEA,ISS IBA IEA,IDA IBA NAS IEA,IMP IEA,IMP,IDA IEA,IBA,IBA TAS,IDA IMP IBA NAS IEA,IDA IMP IGI IBA TAS IEA,IBA,IBA,IBA,IDA,IDA IBA IEA,IDA IMP IBA NAS IEA,IEA,IDA ISO NAS IEA,IMP","ENSG00000146670,ENSG00000077152,ENSG00000166851,ENSG00000109674,ENSG00000075218,ENSG00000093009,ENSG00000171320,ENSG00000065328,ENSG00000185480,ENSG00000136492,ENSG00000073111,ENSG00000187741,ENSG00000132646,ENSG00000140534,ENSG00000104889,ENSG00000143493,ENSG00000159147,ENSG00000138346,ENSG00000097046,ENSG00000100479,ENSG00000139618,ENSG00000143799,ENSG00000076003,ENSG00000147536,ENSG00000049541,ENSG00000113648,ENSG00000197275,ENSG00000188486,ENSG00000140451,ENSG00000136518,ENSG00000122565"
"46","query_1","TRUE","0.000196307225302816","31","86","11","0.127906976744186","0.354838709677419","GO:0007091","GO:BP","metaphase/anaphase transition of mitotic cell cycle","7985","2706","c(""GO:0044772"", ""GO:0044784"")","IMP IBA TAS IEA,IMP,IDA IMP TAS,IDA IBA,IDA IBA,NAS,IDA IMP IBA NAS IEA,IMP,IMP IBA IEA,IEA,NAS","ENSG00000169679,ENSG00000137812,ENSG00000166851,ENSG00000175063,ENSG00000122952,ENSG00000089685,ENSG00000164109,ENSG00000013810,ENSG00000174442,ENSG00000040275,ENSG00000136518"
"47","query_1","TRUE","0.000240394173383883","14","129","9","0.0697674418604651","0.642857142857143","GO:0006270","GO:BP","DNA replication initiation","7985","2106","c(""GO:0006259"", ""GO:0006261"")","IBA TAS IEA,IMP IBA IEA,IDA IBA,IMP IBA NAS IEA,IMP IBA,NAS IEA,IEA,IEA,IDA IEA","ENSG00000093009,ENSG00000065328,ENSG00000091651,ENSG00000073111,ENSG00000140534,ENSG00000076003,ENSG00000105173,ENSG00000123374,ENSG00000198056"
"48","query_1","TRUE","0.000274075973575318","18","75","9","0.12","0.5","GO:0051784","GO:BP","negative regulation of nuclear division","7985","14389","c(""GO:0000280"", ""GO:0010639"", ""GO:0051783"")","IMP IBA TAS IEA,IMP ISS,IMP,IDA ISS IBA IEA,NAS,IDA IMP IBA NAS IEA,IBA IEA,IMP IBA IEA,IEA","ENSG00000169679,ENSG00000137812,ENSG00000166851,ENSG00000122952,ENSG00000089685,ENSG00000164109,ENSG00000156509,ENSG00000174442,ENSG00000040275"
"49","query_1","TRUE","0.000275534210346741","32","86","11","0.127906976744186","0.34375","GO:0044784","GO:BP","metaphase/anaphase transition of cell cycle","7985","11544","c(""GO:0033045"", ""GO:0044770"")","IMP IBA TAS IEA,IMP ISS,IDA IMP TAS,IDA IBA,IDA ISS IBA IEA,NAS,IDA IMP IBA NAS IEA,IMP,IMP IBA IEA,IEA,NAS","ENSG00000169679,ENSG00000137812,ENSG00000166851,ENSG00000175063,ENSG00000122952,ENSG00000089685,ENSG00000164109,ENSG00000013810,ENSG00000174442,ENSG00000040275,ENSG00000136518"
"50","query_1","TRUE","0.000296763948524035","67","79","14","0.177215189873418","0.208955223880597","GO:0140013","GO:BP","meiotic nuclear division","7985","20197","c(""GO:0000280"", ""GO:1903046"")","IEA,IEA,ISS,IEA,ISS IEA,IEA,IEA,IEA,IBA IEA,IEA,IBA IEA,IEA,IEA,IBA TAS","ENSG00000157456,ENSG00000121152,ENSG00000137812,ENSG00000166851,ENSG00000122952,ENSG00000087586,ENSG00000121621,ENSG00000089685,ENSG00000136492,ENSG00000187741,ENSG00000156509,ENSG00000139618,ENSG00000105173,ENSG00000197275"
"51","query_1","TRUE","0.00040529661890336","14","75","8","0.106666666666667","0.571428571428571","GO:0071174","GO:BP","mitotic spindle checkpoint signaling","7985","16968","c(""GO:0007093"", ""GO:0031577"")","IMP IBA TAS IEA,IMP,IMP,IDA IBA,NAS,IDA IMP IBA NAS IEA,IMP IBA IEA,IEA","ENSG00000169679,ENSG00000137812,ENSG00000166851,ENSG00000122952,ENSG00000089685,ENSG00000164109,ENSG00000174442,ENSG00000040275"
"52","query_1","TRUE","0.00040529661890336","14","75","8","0.106666666666667","0.571428571428571","GO:0007094","GO:BP","mitotic spindle assembly checkpoint signaling","7985","2708","c(""GO:0045841"", ""GO:0071173"", ""GO:0071174"")","IMP IBA TAS IEA,IMP,IMP,IDA IBA,NAS,IDA IMP IBA NAS IEA,IMP IBA IEA,IEA","ENSG00000169679,ENSG00000137812,ENSG00000166851,ENSG00000122952,ENSG00000089685,ENSG00000164109,ENSG00000174442,ENSG00000040275"
"53","query_1","TRUE","0.00040529661890336","14","75","8","0.106666666666667","0.571428571428571","GO:0071173","GO:BP","spindle assembly checkpoint signaling","7985","16967","GO:0031577","IMP IBA TAS IEA,IMP ISS,IMP,IDA ISS IBA IEA,NAS,IDA IMP IBA NAS IEA,IMP IBA IEA,IEA","ENSG00000169679,ENSG00000137812,ENSG00000166851,ENSG00000122952,ENSG00000089685,ENSG00000164109,ENSG00000174442,ENSG00000040275"
"54","query_1","TRUE","0.000484785568941582","14","75","8","0.106666666666667","0.571428571428571","GO:0031577","GO:BP","spindle checkpoint signaling","7985","7484","GO:0000075","IMP IBA TAS IEA,IMP ISS,IMP,IDA ISS IBA IEA,NAS,IDA IMP IBA NAS IEA,IMP IBA IEA,IEA","ENSG00000169679,ENSG00000137812,ENSG00000166851,ENSG00000122952,ENSG00000089685,ENSG00000164109,ENSG00000174442,ENSG00000040275"
"55","query_1","TRUE","0.000492955955615266","51","79","12","0.151898734177215","0.235294117647059","GO:0061982","GO:BP","meiosis I cell cycle process","7985","16260","GO:1903046","IEA,ISS,IEA,ISS IEA,IEA,IEA,IBA,IBA IEA,IBA,IEA,IEA,IBA TAS","ENSG00000157456,ENSG00000137812,ENSG00000166851,ENSG00000122952,ENSG00000087586,ENSG00000089685,ENSG00000127564,ENSG00000136492,ENSG00000164045,ENSG00000139618,ENSG00000105173,ENSG00000197275"
"56","query_1","TRUE","0.000577396754726067","14","75","8","0.106666666666667","0.571428571428571","GO:0045841","GO:BP","negative regulation of mitotic metaphase/anaphase transition","7985","12055","c(""GO:0007091"", ""GO:0030071"", ""GO:0045839"", ""GO:1901991"", ""GO:1902100"", ""GO:2000816"")","IMP IBA TAS IEA,IMP,IMP,IDA IBA,NAS,IDA IMP IBA NAS IEA,IMP IBA IEA,IEA","ENSG00000169679,ENSG00000137812,ENSG00000166851,ENSG00000122952,ENSG00000089685,ENSG00000164109,ENSG00000174442,ENSG00000040275"
"57","query_1","TRUE","0.000577396754726067","14","75","8","0.106666666666667","0.571428571428571","GO:0033046","GO:BP","negative regulation of sister chromatid segregation","7985","8281","c(""GO:0000819"", ""GO:0033045"", ""GO:0051985"", ""GO:2001251"")","IMP IBA TAS IEA,IMP,IMP,IDA IBA,NAS,IDA IMP IBA NAS IEA,IMP IBA IEA,IEA","ENSG00000169679,ENSG00000137812,ENSG00000166851,ENSG00000122952,ENSG00000089685,ENSG00000164109,ENSG00000174442,ENSG00000040275"
"58","query_1","TRUE","0.000577396754726067","14","75","8","0.106666666666667","0.571428571428571","GO:0033048","GO:BP","negative regulation of mitotic sister chromatid segregation","7985","8283","c(""GO:0000070"", ""GO:0033046"", ""GO:0033047"")","IMP IBA TAS IEA,IMP,IMP,IDA IBA,NAS,IDA IMP IBA NAS IEA,IMP IBA IEA,IEA","ENSG00000169679,ENSG00000137812,ENSG00000166851,ENSG00000122952,ENSG00000089685,ENSG00000164109,ENSG00000174442,ENSG00000040275"
"59","query_1","TRUE","0.000577396754726067","14","75","8","0.106666666666667","0.571428571428571","GO:2000816","GO:BP","negative regulation of mitotic sister chromatid separation","7985","26756","c(""GO:0010965"", ""GO:0033048"", ""GO:0051306"", ""GO:1905819"")","IMP IBA TAS IEA,IMP,IMP,IDA IBA,NAS,IDA IMP IBA NAS IEA,IMP IBA IEA,IEA","ENSG00000169679,ENSG00000137812,ENSG00000166851,ENSG00000122952,ENSG00000089685,ENSG00000164109,ENSG00000174442,ENSG00000040275"
"60","query_1","TRUE","0.000581350235842362","34","86","11","0.127906976744186","0.323529411764706","GO:0033045","GO:BP","regulation of sister chromatid segregation","7985","8280","c(""GO:0000819"", ""GO:0033044"", ""GO:0051983"")","IMP IBA TAS IEA,IMP ISS,IDA IMP TAS,IDA IBA,IDA ISS IBA IEA,NAS,IDA IMP IBA NAS IEA,IMP,IMP IBA IEA,IEA,NAS","ENSG00000169679,ENSG00000137812,ENSG00000166851,ENSG00000175063,ENSG00000122952,ENSG00000089685,ENSG00000164109,ENSG00000013810,ENSG00000174442,ENSG00000040275,ENSG00000136518"
"61","query_1","TRUE","0.00080927098372119","14","75","8","0.106666666666667","0.571428571428571","GO:0051985","GO:BP","negative regulation of chromosome segregation","7985","14505","c(""GO:0007059"", ""GO:0010948"", ""GO:0051983"")","IMP IBA TAS IEA,IMP ISS,IMP,IDA ISS IBA IEA,NAS,IDA IMP IBA NAS IEA,IMP IBA IEA,IEA","ENSG00000169679,ENSG00000137812,ENSG00000166851,ENSG00000122952,ENSG00000089685,ENSG00000164109,ENSG00000174442,ENSG00000040275"
"62","query_1","TRUE","0.00080927098372119","14","75","8","0.106666666666667","0.571428571428571","GO:1902100","GO:BP","negative regulation of metaphase/anaphase transition of cell cycle","7985","22554","c(""GO:0044784"", ""GO:1901988"", ""GO:1902099"")","IMP IBA TAS IEA,IMP ISS,IMP,IDA ISS IBA IEA,NAS,IDA IMP IBA NAS IEA,IMP IBA IEA,IEA","ENSG00000169679,ENSG00000137812,ENSG00000166851,ENSG00000122952,ENSG00000089685,ENSG00000164109,ENSG00000174442,ENSG00000040275"
"63","query_1","TRUE","0.00080927098372119","14","75","8","0.106666666666667","0.571428571428571","GO:1905819","GO:BP","negative regulation of chromosome separation","7985","25590","c(""GO:0051304"", ""GO:0051985"", ""GO:1905818"")","IMP IBA TAS IEA,IMP ISS,IMP,IDA ISS IBA IEA,NAS,IDA IMP IBA NAS IEA,IMP IBA IEA,IEA","ENSG00000169679,ENSG00000137812,ENSG00000166851,ENSG00000122952,ENSG00000089685,ENSG00000164109,ENSG00000174442,ENSG00000040275"
"64","query_1","TRUE","0.000840548818165643","17","71","8","0.112676056338028","0.470588235294118","GO:0008608","GO:BP","attachment of spindle microtubules to kinetochore","7985","3241","c(""GO:0022402"", ""GO:0051310"")","IDA,IDA IBA IEA,IDA,IMP,IMP IEA,NAS,NAS,NAS","ENSG00000154839,ENSG00000137812,ENSG00000165480,ENSG00000117650,ENSG00000076382,ENSG00000089685,ENSG00000174442,ENSG00000149636"
"65","query_1","TRUE","0.000909731716915631","8","48","5","0.104166666666667","0.625","GO:0044771","GO:BP","meiotic cell cycle phase transition","7985","11535","c(""GO:0044770"", ""GO:1903046"")","IEA,ISS,ISS IEA,IBA,IBA","ENSG00000157456,ENSG00000137812,ENSG00000122952,ENSG00000127564,ENSG00000164045"
"66","query_1","TRUE","0.00122404349137011","81","31","10","0.32258064516129","0.123456790123457","GO:0090068","GO:BP","positive regulation of cell cycle process","7985","18519","c(""GO:0010564"", ""GO:0022402"", ""GO:0045787"")","IMP,ISO IEA,IMP,IMP IBA,ISS,IDA IMP,TAS,IMP,NAS,IDA IMP IEA","ENSG00000169679,ENSG00000121152,ENSG00000118193,ENSG00000146670,ENSG00000137812,ENSG00000175063,ENSG00000087586,ENSG00000076382,ENSG00000089685,ENSG00000164109"
"67","query_1","TRUE","0.00152201362756677","16","75","8","0.106666666666667","0.5","GO:0033047","GO:BP","regulation of mitotic sister chromatid segregation","7985","8282","c(""GO:0000070"", ""GO:0033045"")","IMP IBA TAS IEA,IMP,IMP,IDA IBA,NAS,IDA IMP IBA NAS IEA,IMP IBA IEA,IEA","ENSG00000169679,ENSG00000137812,ENSG00000166851,ENSG00000122952,ENSG00000089685,ENSG00000164109,ENSG00000174442,ENSG00000040275"
"68","query_1","TRUE","0.00174667246446985","29","86","10","0.116279069767442","0.344827586206897","GO:0030071","GO:BP","regulation of mitotic metaphase/anaphase transition","7985","6908","c(""GO:0007091"", ""GO:1901990"", ""GO:1902099"")","IMP IBA TAS IEA,IMP,IDA IMP,IDA IBA,IDA IBA,NAS,IDA IMP IBA NAS IEA,IMP IBA IEA,IEA,NAS","ENSG00000169679,ENSG00000137812,ENSG00000166851,ENSG00000175063,ENSG00000122952,ENSG00000089685,ENSG00000164109,ENSG00000174442,ENSG00000040275,ENSG00000136518"
"69","query_1","TRUE","0.00204699309353804","14","75","8","0.106666666666667","0.571428571428571","GO:0045839","GO:BP","negative regulation of mitotic nuclear division","7985","12053","c(""GO:0007088"", ""GO:0010948"", ""GO:0045930"", ""GO:0051784"", ""GO:0140014"")","IMP IBA TAS IEA,IMP,IMP,IDA IBA,NAS,IDA IMP IBA NAS IEA,IMP IBA IEA,IEA","ENSG00000169679,ENSG00000137812,ENSG00000166851,ENSG00000122952,ENSG00000089685,ENSG00000164109,ENSG00000174442,ENSG00000040275"
"70","query_1","TRUE","0.00224455475083585","5","74","5","0.0675675675675676","1","GO:0000727","GO:BP","double-strand break repair via break-induced replication","7985","207","GO:0000724","IBA,IBA,IBA,IBA,IBA","ENSG00000093009,ENSG00000073111,ENSG00000097046,ENSG00000076003,ENSG00000147536"
"71","query_1","TRUE","0.00240312041021027","30","86","10","0.116279069767442","0.333333333333333","GO:1902099","GO:BP","regulation of metaphase/anaphase transition of cell cycle","7985","22553","c(""GO:0033045"", ""GO:0044784"", ""GO:1901987"")","IMP IBA TAS IEA,IMP ISS,IDA IMP,IDA IBA,IDA ISS IBA IEA,NAS,IDA IMP IBA NAS IEA,IMP IBA IEA,IEA,NAS","ENSG00000169679,ENSG00000137812,ENSG00000166851,ENSG00000175063,ENSG00000122952,ENSG00000089685,ENSG00000164109,ENSG00000174442,ENSG00000040275,ENSG00000136518"
"72","query_1","TRUE","0.0032025075150408","22","29","6","0.206896551724138","0.272727272727273","GO:0007080","GO:BP","mitotic metaphase chromosome alignment","7985","2700","c(""GO:0000070"", ""GO:0051310"", ""GO:1903047"")","IMP,IDA,IMP IBA,IDA,IDA IEA,NAS","ENSG00000118193,ENSG00000154839,ENSG00000146670,ENSG00000165480,ENSG00000121621,ENSG00000089685"
"73","query_1","TRUE","0.00470389064075856","39","75","11","0.146666666666667","0.282051282051282","GO:0007093","GO:BP","mitotic cell cycle checkpoint signaling","7985","2707","c(""GO:0000075"", ""GO:0045930"", ""GO:1903047"")","IMP IBA TAS IEA,IMP,IDA IMP,IDA IBA IEA,NAS,NAS,IDA IMP IBA NAS IEA,ISS IBA IEA,IMP,IMP IBA IEA,IEA","ENSG00000169679,ENSG00000137812,ENSG00000166851,ENSG00000122952,ENSG00000075218,ENSG00000089685,ENSG00000164109,ENSG00000140534,ENSG00000159147,ENSG00000174442,ENSG00000040275"
"74","query_1","TRUE","0.00521407176048029","29","82","9","0.109756097560976","0.310344827586207","GO:0032508","GO:BP","DNA duplex unwinding","7985","7889","GO:0032392","IDA,IEA,IDA IBA IEA,IEA,IDA IBA IEA,IDA NAS,IEA,IEA,IBA","ENSG00000093009,ENSG00000136492,ENSG00000073111,ENSG00000138346,ENSG00000076003,ENSG00000147536,ENSG00000049541,ENSG00000197275,ENSG00000140451"
"75","query_1","TRUE","0.00550009303728669","153","31","12","0.387096774193548","0.0784313725490196","GO:0051656","GO:BP","establishment of organelle localization","7985","14324","c(""GO:0051234"", ""GO:0051640"")","IMP,IDA,IMP IBA,IDA ISS IBA IEA,IDA,IMP,IDA,ISS IEA,IDA IEA,IMP IEA,NAS,IMP","ENSG00000118193,ENSG00000154839,ENSG00000146670,ENSG00000137812,ENSG00000165480,ENSG00000117650,ENSG00000166851,ENSG00000122952,ENSG00000121621,ENSG00000076382,ENSG00000089685,ENSG00000164109"
"76","query_1","TRUE","0.00711580927732872","109","86","16","0.186046511627907","0.146788990825688","GO:0006302","GO:BP","double-strand break repair","7985","2130","GO:0006281","IMP IBA,IDA,IBA,IEA,IMP IBA IEA,IBA NAS IEA,IBA,IDA,IBA,IDA IMP IBA IEA,IDA IMP IBA,IBA,IBA,IDA IBA IEA,NAS IEA,IDA NAS","ENSG00000146670,ENSG00000166851,ENSG00000093009,ENSG00000171320,ENSG00000185480,ENSG00000136492,ENSG00000073111,ENSG00000138346,ENSG00000097046,ENSG00000139618,ENSG00000143799,ENSG00000076003,ENSG00000147536,ENSG00000197275,ENSG00000188486,ENSG00000136518"
"77","query_1","TRUE","0.00983795940908237","30","82","9","0.109756097560976","0.3","GO:0032392","GO:BP","DNA geometric change","7985","7815","GO:0071103","IDA,IEA,IDA IBA IEA,TAS IEA,IDA IBA IEA,IDA NAS,IEA,IEA,IBA","ENSG00000093009,ENSG00000136492,ENSG00000073111,ENSG00000138346,ENSG00000076003,ENSG00000147536,ENSG00000049541,ENSG00000197275,ENSG00000140451"
"78","query_1","TRUE","0.0101428619607917","41","97","11","0.11340206185567","0.268292682926829","GO:0034502","GO:BP","protein localization to chromosome","7985","8966","GO:0033365","IDA IBA IEA,IDA,IEA,IDA NAS,IMP IBA IEA,IDA IEA,IMP,IDA,IMP IBA IEA,IDA IMP,IMP","ENSG00000137812,ENSG00000166851,ENSG00000171320,ENSG00000115163,ENSG00000174442,ENSG00000139618,ENSG00000163468,ENSG00000143799,ENSG00000040275,ENSG00000113648,ENSG00000150753"
"79","query_1","TRUE","0.0108816794553183","34","38","7","0.184210526315789","0.205882352941176","GO:0045132","GO:BP","meiotic chromosome segregation","7985","11681","c(""GO:0098813"", ""GO:0140013"", ""GO:1903046"")","IEA,IEA,ISS,IEA,ISS IEA,IEA,IEA","ENSG00000157456,ENSG00000121152,ENSG00000137812,ENSG00000166851,ENSG00000122952,ENSG00000087586,ENSG00000136492"
"80","query_1","TRUE","0.0120859911255799","54","62","10","0.161290322580645","0.185185185185185","GO:0044839","GO:BP","cell cycle G2/M phase transition","7985","11577","GO:0044770","IEA,IMP,IDA TAS,TAS,TAS,IBA TAS,IBA TAS IEA,ISS IBA IEA,IMP,IMP","ENSG00000157456,ENSG00000118193,ENSG00000166851,ENSG00000165304,ENSG00000087586,ENSG00000127564,ENSG00000164045,ENSG00000140534,ENSG00000159147,ENSG00000097046"
"81","query_1","TRUE","0.0157600152972085","17","77","7","0.0909090909090909","0.411764705882353","GO:0090329","GO:BP","regulation of DNA-templated DNA replication","7985","18741","c(""GO:0006261"", ""GO:0006275"")","NAS,IMP,IMP IBA,IMP,IBA,NAS,IDA","ENSG00000073111,ENSG00000132646,ENSG00000140534,ENSG00000097046,ENSG00000006634,ENSG00000076003,ENSG00000049541"
"82","query_1","TRUE","0.0212960063938516","35","82","9","0.109756097560976","0.257142857142857","GO:0071103","GO:BP","DNA conformation change","7985","16951","GO:0051276","IDA,IEA,IDA IBA IEA,TAS IEA,IDA IBA IEA,IDA NAS,IEA,IEA,IBA","ENSG00000093009,ENSG00000136492,ENSG00000073111,ENSG00000138346,ENSG00000076003,ENSG00000147536,ENSG00000049541,ENSG00000197275,ENSG00000140451"
"83","query_1","TRUE","0.0218150719069958","104","31","10","0.32258064516129","0.0961538461538462","GO:0045787","GO:BP","positive regulation of cell cycle","7985","12015","c(""GO:0007049"", ""GO:0048522"", ""GO:0051726"")","IMP,ISO IEA,IMP,IMP IBA,ISS,IDA IMP,ISS TAS,IMP,NAS,IDA IMP IEA","ENSG00000169679,ENSG00000121152,ENSG00000118193,ENSG00000146670,ENSG00000137812,ENSG00000175063,ENSG00000087586,ENSG00000076382,ENSG00000089685,ENSG00000164109"
"84","query_1","TRUE","0.0274636491935065","7","48","4","0.0833333333333333","0.571428571428571","GO:1901993","GO:BP","regulation of meiotic cell cycle phase transition","7985","22462","c(""GO:0044771"", ""GO:1901987"", ""GO:2000241"")","ISS,ISS IEA,IBA,IBA","ENSG00000137812,ENSG00000122952,ENSG00000127564,ENSG00000164045"
"85","query_1","TRUE","0.0276015357741048","47","79","10","0.126582278481013","0.212765957446809","GO:0007127","GO:BP","meiosis I","7985","2729","c(""GO:0061982"", ""GO:0140013"")","IEA,ISS,IEA,ISS IEA,IEA,IEA,IBA IEA,IEA,IEA,IBA TAS","ENSG00000157456,ENSG00000137812,ENSG00000166851,ENSG00000122952,ENSG00000087586,ENSG00000089685,ENSG00000136492,ENSG00000139618,ENSG00000105173,ENSG00000197275"
"86","query_1","TRUE","0.0343375628461586","38","86","10","0.116279069767442","0.263157894736842","GO:0006275","GO:BP","regulation of DNA replication","7985","2111","c(""GO:0006260"", ""GO:0051052"")","IMP,NAS,IMP IEA,IMP IBA,IDA,IMP,IBA,NAS,IDA,IMP","ENSG00000171320,ENSG00000073111,ENSG00000132646,ENSG00000140534,ENSG00000138346,ENSG00000097046,ENSG00000006634,ENSG00000076003,ENSG00000049541,ENSG00000136518"
"87","query_1","TRUE","0.0394505086206293","53","60","10","0.166666666666667","0.188679245283019","GO:1901991","GO:BP","negative regulation of mitotic cell cycle phase transition","7985","22460","c(""GO:0044772"", ""GO:0045930"", ""GO:1901988"", ""GO:1901990"")","IMP IBA TAS IEA,IMP,IDA IMP,IDA IBA,NAS,NAS,IDA IMP IBA NAS IEA,ISS IBA IEA,IMP,IMP IBA IEA","ENSG00000169679,ENSG00000137812,ENSG00000166851,ENSG00000122952,ENSG00000075218,ENSG00000089685,ENSG00000164109,ENSG00000140534,ENSG00000159147,ENSG00000174442"
"88","query_1","TRUE","0.0494020321743052","48","62","9","0.145161290322581","0.1875","GO:0000086","GO:BP","G2/M transition of mitotic cell cycle","7985","35","c(""GO:0044772"", ""GO:0044839"")","IMP,IDA TAS,TAS,TAS,TAS,IBA TAS,ISS IBA IEA,IMP,IMP","ENSG00000118193,ENSG00000166851,ENSG00000165304,ENSG00000087586,ENSG00000127564,ENSG00000164045,ENSG00000140534,ENSG00000159147,ENSG00000097046"
"89","query_1","TRUE","2.50279395546915e-18","130","89","35","0.393258426966292","0.269230769230769","GO:0098687","GO:CC","chromosomal region","7985","3245","c(""GO:0005694"", ""GO:0110165"")","IDA IBA IEA,IDA IPI IBA IEA,IEA,TAS,IDA NAS IEA,IDA IPI IBA IEA,IDA IEA,IDA IBA IEA,IDA IBA NAS IEA,IBA,IEA,IBA IEA,IDA IEA,IDA IEA,IEA,IDA IBA IEA,IDA IPI IBA IEA,IDA IPI TAS IEA,IPI IEA,HDA,HDA,IDA IBA IEA,IPI IEA,IDA IPI IBA IEA,ISS IEA,IDA,HDA,HDA,IDA NAS IEA,IDA IBA IEA,IDA HDA,IDA,IDA,NAS,IDA HDA ISS IBA","ENSG00000169679,ENSG00000154839,ENSG00000186871,ENSG00000146670,ENSG00000137812,ENSG00000165480,ENSG00000117650,ENSG00000166851,ENSG00000122952,ENSG00000087586,ENSG00000121621,ENSG00000104147,ENSG00000076382,ENSG00000089685,ENSG00000171320,ENSG00000164109,ENSG00000102384,ENSG00000115163,ENSG00000100162,ENSG00000073111,ENSG00000132646,ENSG00000163535,ENSG00000120334,ENSG00000174442,ENSG00000138346,ENSG00000139618,ENSG00000143799,ENSG00000076003,ENSG00000149636,ENSG00000040275,ENSG00000113648,ENSG00000188486,ENSG00000140451,ENSG00000136518,ENSG00000122565"
"90","query_1","TRUE","4.54371734575769e-15","95","89","28","0.314606741573034","0.294736842105263","GO:0000793","GO:CC","condensed chromosome","7985","96","GO:0005694","IDA IBA IEA,IDA,ISO IEA,IDA IPI IBA IEA,IEA,IDA NAS IEA,IDA IPI IBA IEA,IDA IEA,IDA IBA IEA,IDA IBA NAS IEA,IBA,IEA,IDA IEA,IDA IEA,IDA IBA IEA,IDA IPI IBA IEA,IDA IEA,IPI IEA,IBA IEA,IPI,IDA IPI IBA IEA,IDA,IDA NAS IEA,IDA IBA IEA,IEA,IEA,NAS,ISS","ENSG00000169679,ENSG00000148773,ENSG00000121152,ENSG00000154839,ENSG00000186871,ENSG00000137812,ENSG00000165480,ENSG00000117650,ENSG00000166851,ENSG00000122952,ENSG00000087586,ENSG00000121621,ENSG00000076382,ENSG00000089685,ENSG00000164109,ENSG00000102384,ENSG00000115163,ENSG00000100162,ENSG00000163535,ENSG00000120334,ENSG00000174442,ENSG00000139618,ENSG00000149636,ENSG00000040275,ENSG00000113648,ENSG00000188486,ENSG00000136518,ENSG00000122565"
"91","query_1","TRUE","6.59292846504217e-15","89","89","27","0.303370786516854","0.303370786516854","GO:0000775","GO:CC","chromosome, centromeric region","7985","86","GO:0098687","IDA IBA IEA,IDA IPI IBA IEA,IEA,TAS,IDA NAS IEA,IDA IPI IBA IEA,IDA IEA,IDA IBA IEA,IDA IBA NAS IEA,IBA,IEA,IBA IEA,IDA IEA,IDA IEA,IEA,IDA IBA IEA,IDA IPI IBA IEA,IDA IPI TAS IEA,IPI IEA,IDA IBA IEA,IPI IEA,IDA IPI IBA IEA,IDA NAS IEA,IDA IBA IEA,IDA,NAS,IDA ISS IBA","ENSG00000169679,ENSG00000154839,ENSG00000186871,ENSG00000146670,ENSG00000137812,ENSG00000165480,ENSG00000117650,ENSG00000166851,ENSG00000122952,ENSG00000087586,ENSG00000121621,ENSG00000104147,ENSG00000076382,ENSG00000089685,ENSG00000171320,ENSG00000164109,ENSG00000102384,ENSG00000115163,ENSG00000100162,ENSG00000163535,ENSG00000120334,ENSG00000174442,ENSG00000149636,ENSG00000040275,ENSG00000113648,ENSG00000136518,ENSG00000122565"
"92","query_1","TRUE","6.69426842050029e-14","62","89","23","0.258426966292135","0.370967741935484","GO:0000779","GO:CC","condensed chromosome, centromeric region","7985","88","c(""GO:0000775"", ""GO:0000793"")","IDA IBA IEA,IDA IPI IBA IEA,IEA,IDA NAS IEA,IDA IPI IBA IEA,IDA IEA,IDA IBA IEA,IDA IBA NAS IEA,IBA,IEA,IDA IEA,IDA IEA,IDA IBA IEA,IDA IPI IBA IEA,IDA IEA,IPI IEA,IBA IEA,IPI,IDA IPI IBA IEA,IDA NAS IEA,IDA IBA IEA,NAS,ISS","ENSG00000169679,ENSG00000154839,ENSG00000186871,ENSG00000137812,ENSG00000165480,ENSG00000117650,ENSG00000166851,ENSG00000122952,ENSG00000087586,ENSG00000121621,ENSG00000076382,ENSG00000089685,ENSG00000164109,ENSG00000102384,ENSG00000115163,ENSG00000100162,ENSG00000163535,ENSG00000120334,ENSG00000174442,ENSG00000149636,ENSG00000040275,ENSG00000136518,ENSG00000122565"
"93","query_1","TRUE","1.95167314244342e-12","59","75","20","0.266666666666667","0.338983050847458","GO:0000776","GO:CC","kinetochore","7985","87","c(""GO:0000779"", ""GO:0043232"", ""GO:0099080"")","IDA IBA IEA,IDA IPI IBA IEA,IEA,IDA NAS IEA,IDA IPI IBA IEA,IDA IEA,IDA IBA IEA,IDA IBA NAS IEA,IBA,IEA,IDA IEA,IDA IEA,IDA IBA IEA,IDA IPI IBA IEA,IPI IEA,IBA IEA,IPI,IDA IPI IBA IEA,IDA NAS IEA,IDA IBA IEA","ENSG00000169679,ENSG00000154839,ENSG00000186871,ENSG00000137812,ENSG00000165480,ENSG00000117650,ENSG00000166851,ENSG00000122952,ENSG00000087586,ENSG00000121621,ENSG00000076382,ENSG00000089685,ENSG00000164109,ENSG00000102384,ENSG00000100162,ENSG00000163535,ENSG00000120334,ENSG00000174442,ENSG00000149636,ENSG00000040275"
"94","query_1","TRUE","2.30084596983585e-07","592","86","51","0.593023255813954","0.0861486486486486","GO:0005694","GO:CC","chromosome","7985","284","GO:0043232","IDA IBA IEA,IDA IBA IEA,IDA ISO NAS IEA,IDA IPI IBA IEA,IEA,ISS TAS IEA,IDA NAS IEA,IDA IPI IBA IEA,IDA IEA,IDA IBA IEA,IDA IBA NAS IEA,IEA,IBA,IEA,IPI IEA,IDA IBA IEA,IDA IEA,IDA IEA,IDA IBA IEA,IDA IBA IEA,IBA,IBA,IDA IBA,IDA IPI IBA IEA,ISA,IDA IPI IBA IEA,IDA IPI TAS IEA,IPI IEA,IDA IPI HDA ISS TAS IEA,IDA,IDA HDA TAS IEA,IDA IBA IEA,IDA IEA,IDA,IPI IEA,IDA IPI IBA IEA,ISS IEA,IDA IPI IBA IEA,IDA IEA,IDA IMP HDA IEA,IPI HDA ISS IEA,IDA NAS IEA,IPI ISS IBA IEA,IDA IBA IEA,IDA IPI IBA,IDA HDA TAS NAS IEA,IDA IMP IEA,IEA,IDA IBA,IDA IEA,IDA HDA ISS IBA NAS IEA","ENSG00000169679,ENSG00000148773,ENSG00000121152,ENSG00000154839,ENSG00000186871,ENSG00000146670,ENSG00000137812,ENSG00000165480,ENSG00000117650,ENSG00000166851,ENSG00000122952,ENSG00000109674,ENSG00000087586,ENSG00000121621,ENSG00000093009,ENSG00000104147,ENSG00000076382,ENSG00000089685,ENSG00000171320,ENSG00000164109,ENSG00000065328,ENSG00000189057,ENSG00000185480,ENSG00000102384,ENSG00000007968,ENSG00000091651,ENSG00000115163,ENSG00000100162,ENSG00000073111,ENSG00000187741,ENSG00000132646,ENSG00000163535,ENSG00000143493,ENSG00000159147,ENSG00000120334,ENSG00000174442,ENSG00000138346,ENSG00000100479,ENSG00000139618,ENSG00000143799,ENSG00000076003,ENSG00000149636,ENSG00000147536,ENSG00000040275,ENSG00000049541,ENSG00000113648,ENSG00000188486,ENSG00000117877,ENSG00000140451,ENSG00000096063,ENSG00000136518"
"95","query_1","TRUE","3.81228886698992e-07","11","75","8","0.106666666666667","0.727272727272727","GO:0000940","GO:CC","outer kinetochore","7985","133","c(""GO:0000776"", ""GO:0032991"")","IDA,IDA IBA,IDA,IDA IBA IEA,IDA,IDA,IDA NAS IEA,IDA IBA IEA","ENSG00000169679,ENSG00000154839,ENSG00000137812,ENSG00000165480,ENSG00000166851,ENSG00000122952,ENSG00000149636,ENSG00000040275"
"96","query_1","TRUE","6.99293310871524e-06","73","86","17","0.197674418604651","0.232876712328767","GO:0000228","GO:CC","nuclear chromosome","7985","37","c(""GO:0005694"", ""GO:0031981"")","ISO IEA,IEA,IEA,IPI,IDA,IBA,IPI IBA IEA,IPI ISS IEA,IDA,IDA IPI IBA IEA,IDA,IDA,IPI ISS IEA,IPI ISS IBA,IDA,IEA,IDA","ENSG00000121152,ENSG00000117650,ENSG00000166851,ENSG00000093009,ENSG00000089685,ENSG00000065328,ENSG00000091651,ENSG00000073111,ENSG00000132646,ENSG00000100479,ENSG00000139618,ENSG00000143799,ENSG00000076003,ENSG00000147536,ENSG00000113648,ENSG00000188486,ENSG00000136518"
"97","query_1","TRUE","0.000576039872788759","136","75","19","0.253333333333333","0.139705882352941","GO:0005819","GO:CC","spindle","7985","371","c(""GO:0015630"", ""GO:0043232"")","IDA IEA,IDA IEA,IDA IBA IEA,IDA IBA IEA,IEA,IDA IBA IEA,IDA IBA TAS IEA,IDA IBA IEA,IDA IEA,IEA,IDA IEA,IEA,IDA IEA,IDA IEA,NAS,IDA,IDA IEA,NAS,IDA IBA IEA","ENSG00000112984,ENSG00000118193,ENSG00000154839,ENSG00000165480,ENSG00000117650,ENSG00000166851,ENSG00000087586,ENSG00000121621,ENSG00000076382,ENSG00000089685,ENSG00000164109,ENSG00000139734,ENSG00000164087,ENSG00000013810,ENSG00000174442,ENSG00000097046,ENSG00000136108,ENSG00000149636,ENSG00000040275"
"98","query_1","TRUE","0.0199502968687485","159","29","11","0.379310344827586","0.0691823899371069","GO:0005874","GO:CC","microtubule","7985","412","c(""GO:0015630"", ""GO:0099513"")","IBA IEA,IDA IBA IEA,IDA IBA IEA,IDA IBA IEA,IEA,IDA,IDA IBA IEA,IDA IEA,IDA IBA IEA,IDA IEA,IEA","ENSG00000112984,ENSG00000118193,ENSG00000154839,ENSG00000165480,ENSG00000117650,ENSG00000166851,ENSG00000075218,ENSG00000087586,ENSG00000121621,ENSG00000076382,ENSG00000089685"
"99","query_1","TRUE","0.0230693172906412","64","29","8","0.275862068965517","0.125","GO:0030496","GO:CC","midbody","7985","944","GO:0110165","IDA IBA IEA,IDA,IDA IEA,IEA,IDA IEA,TAS,IEA,IDA IEA","ENSG00000138180,ENSG00000112984,ENSG00000118193,ENSG00000117650,ENSG00000166851,ENSG00000087586,ENSG00000076382,ENSG00000089685"
"100","query_1","TRUE","0.0332622540810103","58","75","11","0.146666666666667","0.189655172413793","GO:0000922","GO:CC","spindle pole","7985","121","c(""GO:0005819"", ""GO:0110165"")","IEA,IDA IBA IEA,IDA IBA IEA,IDA IEA,IEA,IEA,IDA IEA,IEA,IEA,NAS,IDA IBA IEA","ENSG00000117650,ENSG00000166851,ENSG00000087586,ENSG00000076382,ENSG00000164109,ENSG00000139734,ENSG00000164087,ENSG00000013810,ENSG00000136108,ENSG00000149636,ENSG00000040275"
"101","query_1","TRUE","0.0179268733670378","89","29","9","0.310344827586207","0.101123595505618","GO:0008017","GO:MF","microtubule binding","7985","1523","GO:0015631","IBA IEA,ISS IBA IEA,IDA IBA IEA,IDA,IDA,IBA,IDA IBA IEA,IDA,TAS","ENSG00000112984,ENSG00000118193,ENSG00000154839,ENSG00000165480,ENSG00000166851,ENSG00000075218,ENSG00000121621,ENSG00000076382,ENSG00000089685"
"102","query_1","TRUE","9.23167271189584e-12","58","76","19","0.25","0.327586206896552","KEGG:04110","KEGG","Cell cycle","7985","264","KEGG:00000","KEGG,KEGG,KEGG,KEGG,KEGG,KEGG,KEGG,KEGG,KEGG,KEGG,KEGG,KEGG,KEGG,KEGG,KEGG,KEGG,KEGG,KEGG,KEGG","ENSG00000169679,ENSG00000157456,ENSG00000146670,ENSG00000137812,ENSG00000166851,ENSG00000093009,ENSG00000171320,ENSG00000164109,ENSG00000127564,ENSG00000007968,ENSG00000091651,ENSG00000073111,ENSG00000164045,ENSG00000132646,ENSG00000140534,ENSG00000097046,ENSG00000006634,ENSG00000076003,ENSG00000105173"
"103","query_1","TRUE","0.00195982466338745","13","77","7","0.0909090909090909","0.538461538461538","KEGG:03030","KEGG","DNA replication","7985","214","KEGG:00000","KEGG,KEGG,KEGG,KEGG,KEGG,KEGG,KEGG","ENSG00000073111,ENSG00000132646,ENSG00000104889,ENSG00000138346,ENSG00000100479,ENSG00000076003,ENSG00000049541"
"104","query_1","TRUE","3.13520622522861e-26","216","82","48","0.585365853658537","0.222222222222222","REAC:R-HSA-1640170","REAC","Cell Cycle","7985","313","REAC:0000000","REAC,REAC,REAC,REAC,REAC,REAC,REAC,REAC,REAC,REAC,REAC,REAC,REAC,REAC,REAC,REAC,REAC,REAC,REAC,REAC,REAC,REAC,REAC,REAC,REAC,REAC,REAC,REAC,REAC,REAC,REAC,REAC,REAC,REAC,REAC,REAC,REAC,REAC,REAC,REAC,REAC,REAC,REAC,REAC,REAC,REAC,REAC,REAC","ENSG00000169679,ENSG00000112984,ENSG00000157456,ENSG00000121152,ENSG00000154839,ENSG00000186871,ENSG00000146670,ENSG00000137812,ENSG00000117650,ENSG00000166851,ENSG00000175063,ENSG00000122952,ENSG00000075218,ENSG00000087586,ENSG00000121621,ENSG00000093009,ENSG00000104147,ENSG00000089685,ENSG00000171320,ENSG00000164109,ENSG00000065328,ENSG00000127564,ENSG00000136492,ENSG00000102384,ENSG00000007968,ENSG00000091651,ENSG00000115163,ENSG00000100162,ENSG00000073111,ENSG00000164045,ENSG00000132646,ENSG00000163535,ENSG00000120334,ENSG00000174442,ENSG00000138346,ENSG00000097046,ENSG00000100479,ENSG00000139618,ENSG00000006634,ENSG00000076003,ENSG00000149636,ENSG00000132182,ENSG00000147536,ENSG00000040275,ENSG00000105173,ENSG00000049541,ENSG00000188486,ENSG00000140451"
"105","query_1","TRUE","4.05889592094266e-26","179","80","44","0.55","0.245810055865922","REAC:R-HSA-69278","REAC","Cell Cycle, Mitotic","7985","315","REAC:R-HSA-1640170","REAC,REAC,REAC,REAC,REAC,REAC,REAC,REAC,REAC,REAC,REAC,REAC,REAC,REAC,REAC,REAC,REAC,REAC,REAC,REAC,REAC,REAC,REAC,REAC,REAC,REAC,REAC,REAC,REAC,REAC,REAC,REAC,REAC,REAC,REAC,REAC,REAC,REAC,REAC,REAC,REAC,REAC,REAC,REAC","ENSG00000169679,ENSG00000112984,ENSG00000157456,ENSG00000121152,ENSG00000154839,ENSG00000186871,ENSG00000146670,ENSG00000137812,ENSG00000117650,ENSG00000166851,ENSG00000175063,ENSG00000122952,ENSG00000075218,ENSG00000087586,ENSG00000121621,ENSG00000093009,ENSG00000089685,ENSG00000171320,ENSG00000164109,ENSG00000065328,ENSG00000127564,ENSG00000102384,ENSG00000007968,ENSG00000091651,ENSG00000115163,ENSG00000100162,ENSG00000073111,ENSG00000164045,ENSG00000132646,ENSG00000163535,ENSG00000120334,ENSG00000174442,ENSG00000138346,ENSG00000097046,ENSG00000100479,ENSG00000006634,ENSG00000076003,ENSG00000149636,ENSG00000132182,ENSG00000147536,ENSG00000040275,ENSG00000105173,ENSG00000049541,ENSG00000188486"
"106","query_1","TRUE","7.16750722868189e-24","98","80","34","0.425","0.346938775510204","REAC:R-HSA-69620","REAC","Cell Cycle Checkpoints","7985","314","REAC:R-HSA-1640170","REAC,REAC,REAC,REAC,REAC,REAC,REAC,REAC,REAC,REAC,REAC,REAC,REAC,REAC,REAC,REAC,REAC,REAC,REAC,REAC,REAC,REAC,REAC,REAC,REAC,REAC,REAC,REAC,REAC,REAC,REAC,REAC,REAC,REAC","ENSG00000169679,ENSG00000157456,ENSG00000154839,ENSG00000186871,ENSG00000137812,ENSG00000166851,ENSG00000175063,ENSG00000122952,ENSG00000075218,ENSG00000121621,ENSG00000093009,ENSG00000089685,ENSG00000164109,ENSG00000065328,ENSG00000127564,ENSG00000136492,ENSG00000102384,ENSG00000091651,ENSG00000115163,ENSG00000100162,ENSG00000073111,ENSG00000164045,ENSG00000163535,ENSG00000120334,ENSG00000174442,ENSG00000138346,ENSG00000097046,ENSG00000006634,ENSG00000076003,ENSG00000149636,ENSG00000040275,ENSG00000105173,ENSG00000049541,ENSG00000188486"
"107","query_1","TRUE","6.16722425648832e-14","43","75","19","0.253333333333333","0.441860465116279","REAC:R-HSA-2500257","REAC","Resolution of Sister Chromatid Cohesion","7985","2012","REAC:R-HSA-68877","REAC,REAC,REAC,REAC,REAC,REAC,REAC,REAC,REAC,REAC,REAC,REAC,REAC,REAC,REAC,REAC,REAC,REAC,REAC","ENSG00000169679,ENSG00000157456,ENSG00000154839,ENSG00000186871,ENSG00000146670,ENSG00000137812,ENSG00000166851,ENSG00000122952,ENSG00000121621,ENSG00000089685,ENSG00000164109,ENSG00000102384,ENSG00000115163,ENSG00000100162,ENSG00000163535,ENSG00000120334,ENSG00000174442,ENSG00000149636,ENSG00000040275"
"108","query_1","TRUE","1.60481006394826e-13","40","75","18","0.24","0.45","REAC:R-HSA-69618","REAC","Mitotic Spindle Checkpoint","7985","1439","REAC:R-HSA-69620","REAC,REAC,REAC,REAC,REAC,REAC,REAC,REAC,REAC,REAC,REAC,REAC,REAC,REAC,REAC,REAC,REAC,REAC","ENSG00000169679,ENSG00000154839,ENSG00000186871,ENSG00000137812,ENSG00000166851,ENSG00000175063,ENSG00000122952,ENSG00000121621,ENSG00000089685,ENSG00000164109,ENSG00000102384,ENSG00000115163,ENSG00000100162,ENSG00000163535,ENSG00000120334,ENSG00000174442,ENSG00000149636,ENSG00000040275"
"109","query_1","TRUE","2.0640171038298e-13","32","75","17","0.226666666666667","0.53125","REAC:R-HSA-141444","REAC","Amplification  of signal from unattached  kinetochores via a MAD2  inhibitory signal","7985","138","REAC:R-HSA-141424","REAC,REAC,REAC,REAC,REAC,REAC,REAC,REAC,REAC,REAC,REAC,REAC,REAC,REAC,REAC,REAC,REAC","ENSG00000169679,ENSG00000154839,ENSG00000186871,ENSG00000137812,ENSG00000166851,ENSG00000122952,ENSG00000121621,ENSG00000089685,ENSG00000164109,ENSG00000102384,ENSG00000115163,ENSG00000100162,ENSG00000163535,ENSG00000120334,ENSG00000174442,ENSG00000149636,ENSG00000040275"
"110","query_1","TRUE","2.0640171038298e-13","32","75","17","0.226666666666667","0.53125","REAC:R-HSA-141424","REAC","Amplification of signal from the kinetochores","7985","139","REAC:R-HSA-69618","REAC,REAC,REAC,REAC,REAC,REAC,REAC,REAC,REAC,REAC,REAC,REAC,REAC,REAC,REAC,REAC,REAC","ENSG00000169679,ENSG00000154839,ENSG00000186871,ENSG00000137812,ENSG00000166851,ENSG00000122952,ENSG00000121621,ENSG00000089685,ENSG00000164109,ENSG00000102384,ENSG00000115163,ENSG00000100162,ENSG00000163535,ENSG00000120334,ENSG00000174442,ENSG00000149636,ENSG00000040275"
"111","query_1","TRUE","2.39797108547518e-12","67","75","21","0.28","0.313432835820896","REAC:R-HSA-68877","REAC","Mitotic Prometaphase","7985","1437","REAC:R-HSA-68886","REAC,REAC,REAC,REAC,REAC,REAC,REAC,REAC,REAC,REAC,REAC,REAC,REAC,REAC,REAC,REAC,REAC,REAC,REAC,REAC,REAC","ENSG00000169679,ENSG00000157456,ENSG00000121152,ENSG00000154839,ENSG00000186871,ENSG00000146670,ENSG00000137812,ENSG00000117650,ENSG00000166851,ENSG00000122952,ENSG00000121621,ENSG00000089685,ENSG00000164109,ENSG00000102384,ENSG00000115163,ENSG00000100162,ENSG00000163535,ENSG00000120334,ENSG00000174442,ENSG00000149636,ENSG00000040275"
"112","query_1","TRUE","9.74974948681348e-12","47","75","18","0.24","0.382978723404255","REAC:R-HSA-5663220","REAC","RHO GTPases Activate Formins","7985","1797","REAC:R-HSA-195258","REAC,REAC,REAC,REAC,REAC,REAC,REAC,REAC,REAC,REAC,REAC,REAC,REAC,REAC,REAC,REAC,REAC,REAC","ENSG00000169679,ENSG00000154839,ENSG00000186871,ENSG00000137812,ENSG00000166851,ENSG00000122952,ENSG00000121621,ENSG00000089685,ENSG00000164109,ENSG00000102384,ENSG00000139734,ENSG00000115163,ENSG00000100162,ENSG00000163535,ENSG00000120334,ENSG00000174442,ENSG00000149636,ENSG00000040275"
"113","query_1","TRUE","1.08854165500857e-11","39","75","17","0.226666666666667","0.435897435897436","REAC:R-HSA-9648025","REAC","EML4 and NUDC in mitotic spindle formation","7985","790","REAC:R-HSA-68877","REAC,REAC,REAC,REAC,REAC,REAC,REAC,REAC,REAC,REAC,REAC,REAC,REAC,REAC,REAC,REAC,REAC","ENSG00000169679,ENSG00000154839,ENSG00000186871,ENSG00000137812,ENSG00000166851,ENSG00000122952,ENSG00000121621,ENSG00000089685,ENSG00000164109,ENSG00000102384,ENSG00000115163,ENSG00000100162,ENSG00000163535,ENSG00000120334,ENSG00000174442,ENSG00000149636,ENSG00000040275"
"114","query_1","TRUE","2.12306636949095e-10","69","75","19","0.253333333333333","0.27536231884058","REAC:R-HSA-2467813","REAC","Separation of Sister Chromatids","7985","2136","REAC:R-HSA-68882","REAC,REAC,REAC,REAC,REAC,REAC,REAC,REAC,REAC,REAC,REAC,REAC,REAC,REAC,REAC,REAC,REAC,REAC,REAC","ENSG00000169679,ENSG00000154839,ENSG00000186871,ENSG00000146670,ENSG00000137812,ENSG00000166851,ENSG00000175063,ENSG00000122952,ENSG00000121621,ENSG00000089685,ENSG00000164109,ENSG00000102384,ENSG00000115163,ENSG00000100162,ENSG00000163535,ENSG00000120334,ENSG00000174442,ENSG00000149636,ENSG00000040275"
"115","query_1","TRUE","5.65026699674247e-10","82","75","20","0.266666666666667","0.24390243902439","REAC:R-HSA-68882","REAC","Mitotic Anaphase","7985","1432","REAC:R-HSA-2555396","REAC,REAC,REAC,REAC,REAC,REAC,REAC,REAC,REAC,REAC,REAC,REAC,REAC,REAC,REAC,REAC,REAC,REAC,REAC,REAC","ENSG00000169679,ENSG00000157456,ENSG00000154839,ENSG00000186871,ENSG00000146670,ENSG00000137812,ENSG00000166851,ENSG00000175063,ENSG00000122952,ENSG00000121621,ENSG00000089685,ENSG00000164109,ENSG00000102384,ENSG00000115163,ENSG00000100162,ENSG00000163535,ENSG00000120334,ENSG00000174442,ENSG00000149636,ENSG00000040275"
"116","query_1","TRUE","6.14935298079148e-10","82","75","20","0.266666666666667","0.24390243902439","REAC:R-HSA-2555396","REAC","Mitotic Metaphase and Anaphase","7985","1435","REAC:R-HSA-68886","REAC,REAC,REAC,REAC,REAC,REAC,REAC,REAC,REAC,REAC,REAC,REAC,REAC,REAC,REAC,REAC,REAC,REAC,REAC,REAC","ENSG00000169679,ENSG00000157456,ENSG00000154839,ENSG00000186871,ENSG00000146670,ENSG00000137812,ENSG00000166851,ENSG00000175063,ENSG00000122952,ENSG00000121621,ENSG00000089685,ENSG00000164109,ENSG00000102384,ENSG00000115163,ENSG00000100162,ENSG00000163535,ENSG00000120334,ENSG00000174442,ENSG00000149636,ENSG00000040275"
"117","query_1","TRUE","3.00339684151552e-09","128","80","25","0.3125","0.1953125","REAC:R-HSA-68886","REAC","M Phase","7985","1305","REAC:R-HSA-69278","REAC,REAC,REAC,REAC,REAC,REAC,REAC,REAC,REAC,REAC,REAC,REAC,REAC,REAC,REAC,REAC,REAC,REAC,REAC,REAC,REAC,REAC,REAC,REAC,REAC","ENSG00000169679,ENSG00000112984,ENSG00000157456,ENSG00000121152,ENSG00000154839,ENSG00000186871,ENSG00000146670,ENSG00000137812,ENSG00000117650,ENSG00000166851,ENSG00000175063,ENSG00000122952,ENSG00000121621,ENSG00000089685,ENSG00000164109,ENSG00000102384,ENSG00000115163,ENSG00000100162,ENSG00000163535,ENSG00000120334,ENSG00000174442,ENSG00000149636,ENSG00000132182,ENSG00000040275,ENSG00000188486"
"118","query_1","TRUE","1.1869824812256e-06","101","80","20","0.25","0.198019801980198","REAC:R-HSA-195258","REAC","RHO GTPase Effectors","7985","1795","REAC:R-HSA-194315","REAC,REAC,REAC,REAC,REAC,REAC,REAC,REAC,REAC,REAC,REAC,REAC,REAC,REAC,REAC,REAC,REAC,REAC,REAC,REAC","ENSG00000169679,ENSG00000118193,ENSG00000154839,ENSG00000186871,ENSG00000137812,ENSG00000166851,ENSG00000122952,ENSG00000121621,ENSG00000089685,ENSG00000164109,ENSG00000102384,ENSG00000139734,ENSG00000115163,ENSG00000100162,ENSG00000163535,ENSG00000120334,ENSG00000174442,ENSG00000149636,ENSG00000040275,ENSG00000188486"
"119","query_1","TRUE","2.23375626457861e-06","11","77","9","0.116883116883117","0.818181818181818","REAC:R-HSA-176187","REAC","Activation of ATR in response to replication stress","7985","72","REAC:R-HSA-69481","REAC,REAC,REAC,REAC,REAC,REAC,REAC,REAC,REAC","ENSG00000093009,ENSG00000065328,ENSG00000091651,ENSG00000073111,ENSG00000164045,ENSG00000097046,ENSG00000006634,ENSG00000076003,ENSG00000049541"
"120","query_1","TRUE","2.87879619671804e-06","12","129","10","0.0775193798449612","0.833333333333333","REAC:R-HSA-68962","REAC","Activation of the pre-replicative complex","7985","104","c(""REAC:R-HSA-69002"", ""REAC:R-HSA-69206"")","REAC,REAC,REAC,REAC,REAC,REAC,REAC,REAC,REAC,REAC","ENSG00000093009,ENSG00000065328,ENSG00000091651,ENSG00000073111,ENSG00000097046,ENSG00000100479,ENSG00000006634,ENSG00000076003,ENSG00000123374,ENSG00000198056"
"121","query_1","TRUE","3.48242020662466e-06","54","80","15","0.1875","0.277777777777778","REAC:R-HSA-69481","REAC","G2/M Checkpoints","7985","973","REAC:R-HSA-69620","REAC,REAC,REAC,REAC,REAC,REAC,REAC,REAC,REAC,REAC,REAC,REAC,REAC,REAC,REAC","ENSG00000157456,ENSG00000075218,ENSG00000093009,ENSG00000065328,ENSG00000127564,ENSG00000136492,ENSG00000091651,ENSG00000073111,ENSG00000164045,ENSG00000138346,ENSG00000097046,ENSG00000006634,ENSG00000076003,ENSG00000049541,ENSG00000188486"
"122","query_1","TRUE","1.58380407672545e-05","62","77","14","0.181818181818182","0.225806451612903","REAC:R-HSA-69242","REAC","S Phase","7985","2044","REAC:R-HSA-69278","REAC,REAC,REAC,REAC,REAC,REAC,REAC,REAC,REAC,REAC,REAC,REAC,REAC,REAC","ENSG00000146670,ENSG00000175063,ENSG00000093009,ENSG00000171320,ENSG00000091651,ENSG00000073111,ENSG00000164045,ENSG00000132646,ENSG00000138346,ENSG00000100479,ENSG00000076003,ENSG00000147536,ENSG00000105173,ENSG00000049541"
"123","query_1","TRUE","1.74610269819197e-05","63","80","15","0.1875","0.238095238095238","REAC:R-HSA-69306","REAC","DNA Replication","7985","431","REAC:0000000","REAC,REAC,REAC,REAC,REAC,REAC,REAC,REAC,REAC,REAC,REAC,REAC,REAC,REAC,REAC","ENSG00000175063,ENSG00000093009,ENSG00000065328,ENSG00000091651,ENSG00000073111,ENSG00000132646,ENSG00000138346,ENSG00000097046,ENSG00000100479,ENSG00000006634,ENSG00000076003,ENSG00000147536,ENSG00000105173,ENSG00000049541,ENSG00000188486"
"124","query_1","TRUE","0.00038894958480932","49","145","16","0.110344827586207","0.326530612244898","REAC:R-HSA-453279","REAC","Mitotic G1 phase and G1/S transition","7985","1433","REAC:R-HSA-69278","REAC,REAC,REAC,REAC,REAC,REAC,REAC,REAC,REAC,REAC,REAC,REAC,REAC,REAC,REAC,REAC","ENSG00000093009,ENSG00000065328,ENSG00000007968,ENSG00000091651,ENSG00000073111,ENSG00000164045,ENSG00000132646,ENSG00000097046,ENSG00000100479,ENSG00000006634,ENSG00000076003,ENSG00000105173,ENSG00000123374,ENSG00000198056,ENSG00000112242,ENSG00000080839"
"125","query_1","TRUE","0.000814948730851243","13","77","7","0.0909090909090909","0.538461538461538","REAC:R-HSA-69190","REAC","DNA strand elongation","7985","435","REAC:R-HSA-69239","REAC,REAC,REAC,REAC,REAC,REAC,REAC","ENSG00000093009,ENSG00000073111,ENSG00000132646,ENSG00000138346,ENSG00000076003,ENSG00000147536,ENSG00000049541"
"126","query_1","TRUE","0.000879134266083461","47","77","11","0.142857142857143","0.234042553191489","REAC:R-HSA-69239","REAC","Synthesis of DNA","7985","2304","c(""REAC:R-HSA-69242"", ""REAC:R-HSA-69306"")","REAC,REAC,REAC,REAC,REAC,REAC,REAC,REAC,REAC,REAC,REAC","ENSG00000175063,ENSG00000093009,ENSG00000091651,ENSG00000073111,ENSG00000132646,ENSG00000138346,ENSG00000100479,ENSG00000076003,ENSG00000147536,ENSG00000105173,ENSG00000049541"
"127","query_1","TRUE","0.00162310324828932","44","76","11","0.144736842105263","0.25","REAC:R-HSA-69206","REAC","G1/S Transition","7985","970","REAC:R-HSA-453279","REAC,REAC,REAC,REAC,REAC,REAC,REAC,REAC,REAC,REAC,REAC","ENSG00000093009,ENSG00000065328,ENSG00000091651,ENSG00000073111,ENSG00000164045,ENSG00000132646,ENSG00000097046,ENSG00000100479,ENSG00000006634,ENSG00000076003,ENSG00000105173"
"128","query_1","TRUE","0.00195862482697091","40","129","14","0.108527131782946","0.35","REAC:R-HSA-73886","REAC","Chromosome Maintenance","7985","349","REAC:R-HSA-1640170","REAC,REAC,REAC,REAC,REAC,REAC,REAC,REAC,REAC,REAC,REAC,REAC,REAC,REAC","ENSG00000137812,ENSG00000104147,ENSG00000102384,ENSG00000115163,ENSG00000100162,ENSG00000132646,ENSG00000120334,ENSG00000138346,ENSG00000049541,ENSG00000188486,ENSG00000140451,ENSG00000163882,ENSG00000123374,ENSG00000198056"
"129","query_1","TRUE","0.00911521039809933","233","84","24","0.285714285714286","0.103004291845494","REAC:R-HSA-9716542","REAC","Signaling by Rho GTPases, Miro GTPases and RHOBTB3","7985","2235","REAC:R-HSA-162582","REAC,REAC,REAC,REAC,REAC,REAC,REAC,REAC,REAC,REAC,REAC,REAC,REAC,REAC,REAC,REAC,REAC,REAC,REAC,REAC,REAC,REAC,REAC,REAC","ENSG00000169679,ENSG00000035499,ENSG00000118193,ENSG00000154839,ENSG00000186871,ENSG00000137812,ENSG00000166851,ENSG00000122952,ENSG00000121621,ENSG00000089685,ENSG00000164109,ENSG00000102384,ENSG00000139734,ENSG00000115163,ENSG00000100162,ENSG00000163535,ENSG00000120334,ENSG00000174442,ENSG00000149636,ENSG00000137135,ENSG00000040275,ENSG00000105173,ENSG00000188486,ENSG00000278259"
"130","query_1","TRUE","0.0424334284822807","224","80","22","0.275","0.0982142857142857","REAC:R-HSA-194315","REAC","Signaling by Rho GTPases","7985","2234","REAC:R-HSA-9716542","REAC,REAC,REAC,REAC,REAC,REAC,REAC,REAC,REAC,REAC,REAC,REAC,REAC,REAC,REAC,REAC,REAC,REAC,REAC,REAC,REAC,REAC","ENSG00000169679,ENSG00000035499,ENSG00000118193,ENSG00000154839,ENSG00000186871,ENSG00000137812,ENSG00000166851,ENSG00000122952,ENSG00000121621,ENSG00000089685,ENSG00000164109,ENSG00000102384,ENSG00000139734,ENSG00000115163,ENSG00000100162,ENSG00000163535,ENSG00000120334,ENSG00000174442,ENSG00000149636,ENSG00000137135,ENSG00000040275,ENSG00000188486"
